{
  "properties": {
    "connectionReferences": {
      "shared_commondataserviceforapps_1": {
        "runtimeSource": "embedded",
        "connection": {
          "connectionReferenceLogicalName": "at_proMo_Dataverse"
        },
        "api": {
          "name": "shared_commondataserviceforapps"
        }
      },
      "shared_azureloganalyticsdatacollector": {
        "runtimeSource": "embedded",
        "connection": {
          "connectionReferenceLogicalName": "at_proMo_LogAnalytics"
        },
        "api": {
          "name": "shared_azureloganalyticsdatacollector"
        }
      },
      "shared_at-5fat-5fflowmonitoring-5fconnector-5fcb1623058f75a2a0": {
        "runtimeSource": "embedded",
        "connection": {
          "connectionReferenceLogicalName": "at_proMo_FlowMonitoringConnector"
        },
        "api": {
          "name": "shared_at-5fat-5fflowmonitoring-5fconnector-5fcb1623058f75a2a0",
          "logicalName": "at_5Fat-5Fflowmonitoring-5Fconnector"
        }
      }
    },
    "definition": {
      "$schema": "https://schema.management.azure.com/providers/Microsoft.Logic/schemas/2016-06-01/workflowdefinition.json#",
      "contentVersion": "1.0.0.0",
      "parameters": {
        "$connections": {
          "defaultValue": {},
          "type": "Object"
        },
        "$authentication": {
          "defaultValue": {},
          "type": "SecureObject"
        },
        "proMo_environment_id (at_proMo_environment_id)": {
          "defaultValue": "223c5dc9-484d-4615-a3f8-e2df290c9cb5",
          "type": "String",
          "metadata": {
            "schemaName": "at_proMo_environment_id"
          }
        }
      },
      "triggers": {
        "manual": {
          "metadata": {
            "operationMetadataId": "9c87af36-9cf9-453c-bd84-0a78e86ad177"
          },
          "type": "Request",
          "kind": "Button",
          "inputs": {
            "schema": {
              "type": "object",
              "properties": {
                "text": {
                  "title": "Start_Timeintervall",
                  "type": "string",
                  "x-ms-dynamically-added": true,
                  "description": "Please enter your input",
                  "x-ms-content-hint": "TEXT"
                },
                "text_1": {
                  "title": "End_Timeintervall",
                  "type": "string",
                  "x-ms-dynamically-added": true,
                  "description": "Please enter your input",
                  "x-ms-content-hint": "TEXT"
                }
              },
              "required": [
                "text",
                "text_1"
              ]
            }
          }
        }
      },
      "actions": {
        "List_rows": {
          "runAfter": {
            "Initialize_variable:_Array_of_all_FlowRuns": [
              "Succeeded"
            ]
          },
          "metadata": {
            "operationMetadataId": "e7ee3e91-7b74-4d4a-a683-356534f24a8a"
          },
          "type": "OpenApiConnection",
          "inputs": {
            "host": {
              "connectionName": "shared_commondataserviceforapps_1",
              "operationId": "ListRecords",
              "apiId": "/providers/Microsoft.PowerApps/apis/shared_commondataserviceforapps"
            },
            "parameters": {
              "entityName": "workflows",
              "$select": "workflowidunique, name, solutionid, statecode",
              "$filter": "category eq 5"
            },
            "authentication": {
              "type": "Raw",
              "value": "@json(decodeBase64(triggerOutputs().headers['X-MS-APIM-Tokens']))['$ConnectionKey']"
            }
          }
        },
        "Apply_to_each": {
          "foreach": "@outputs('List_rows')?['body/value']",
          "actions": {
            "Apply_to_each_2": {
              "foreach": "@outputs('Get_List_of_Flow_Runs')?['body']?['value']",
              "actions": {
                "Get_required_values": {
                  "runAfter": {
                    "Determine_Flow_Run_URL": [
                      "Succeeded"
                    ]
                  },
                  "metadata": {
                    "operationMetadataId": "b0e4c0e9-5c18-4005-81de-76470c2337c7"
                  },
                  "type": "Compose",
                  "inputs": {
                    "flowRun_id": "@items('Apply_to_each_2')?['name']",
                    "flow_id": "@items('Apply_to_each')?['workflowidunique']",
                    "name": "@items('Apply_to_each')?['name']",
                    "isActive": "@items('Apply_to_each')?['statecode']",
                    "status": "@items('Apply_to_each_2')?['properties']?['status']",
                    "code": "@items('Apply_to_each_2')?['properties']?['code']",
                    "startTime": "@items('Apply_to_each_2')?['properties']?['startTime']",
                    "endTime": "@items('Apply_to_each_2')?['properties']?['endTime']",
                    "environment_id": "@parameters('proMo_environment_id (at_proMo_environment_id)')",
                    "flowRun_details_URL": "@outputs('Determine_Flow_Run_URL')",
                    "flow_overview_URL": "@outputs('Determine_Flow_Overview_URL_')"
                  }
                },
                "Determine_Flow_Run_URL": {
                  "runAfter": {},
                  "metadata": {
                    "operationMetadataId": "7a706606-52d0-418a-8104-96dbcaa45e27"
                  },
                  "type": "Compose",
                  "inputs": "https://make.powerautomate.com/environments/@{parameters('proMo_environment_id (at_proMo_environment_id)')}/solutions/@{items('Apply_to_each')?['solutionid']}/flows/@{items('Apply_to_each')?['workflowidunique']}/runs/@{items('Apply_to_each_2')?['name']}"
                },
                "Send_Data": {
                  "runAfter": {
                    "Get_required_values": [
                      "Succeeded"
                    ]
                  },
                  "metadata": {
                    "operationMetadataId": "56c0beb4-0c24-4d82-80f2-5a207ecbff4a"
                  },
                  "type": "OpenApiConnection",
                  "inputs": {
                    "host": {
                      "connectionName": "shared_azureloganalyticsdatacollector",
                      "operationId": "SendData",
                      "apiId": "/providers/Microsoft.PowerApps/apis/shared_azureloganalyticsdatacollector"
                    },
                    "parameters": {
                      "body": "@outputs('Get_required_values')",
                      "Log-Type": "AllFlowRuns_CL"
                    },
                    "authentication": {
                      "type": "Raw",
                      "value": "@json(decodeBase64(triggerOutputs().headers['X-MS-APIM-Tokens']))['$ConnectionKey']"
                    }
                  }
                },
                "Append_to_array_variable:_Array_of_all_FlowRuns": {
                  "runAfter": {
                    "Send_Data": [
                      "Succeeded"
                    ]
                  },
                  "metadata": {
                    "operationMetadataId": "86160244-b044-4c19-abe5-155653dc3c68"
                  },
                  "type": "AppendToArrayVariable",
                  "inputs": {
                    "name": "Array of all FlowRuns",
                    "value": "@outputs('Get_required_values')"
                  }
                }
              },
              "runAfter": {
                "Get_List_of_Flow_Runs": [
                  "Succeeded"
                ]
              },
              "metadata": {
                "operationMetadataId": "a78b1d8c-c084-43b0-8651-71b1c7dc6b49"
              },
              "type": "Foreach"
            },
            "Filter_array_for_failed_runs": {
              "runAfter": {
                "Apply_to_each_2": [
                  "Succeeded"
                ]
              },
              "metadata": {
                "operationMetadataId": "83f0eace-d3b7-4f6f-a8a3-50a304a35daf"
              },
              "type": "Query",
              "inputs": {
                "from": "@variables('Array of all FlowRuns')",
                "where": "@equals(item()['status'], 'Failed')"
              }
            },
            "Create_HTML_table_with_all_failed_runs_of_a_flow": {
              "runAfter": {
                "Create_Mail_Body": [
                  "Succeeded"
                ]
              },
              "metadata": {
                "operationMetadataId": "5137d7c2-8ad0-47ec-856d-1f8c397409cf"
              },
              "type": "Table",
              "inputs": {
                "from": "@body('Create_Mail_Body')",
                "format": "HTML"
              }
            },
            "Empty_Array_before_next_Flow": {
              "runAfter": {
                "Run_a_Child_Flow": [
                  "Succeeded"
                ]
              },
              "metadata": {
                "operationMetadataId": "01bff8c1-a96e-4f1d-bbea-67c13de0d4b4"
              },
              "type": "SetVariable",
              "inputs": {
                "name": "Array of all FlowRuns",
                "value": "@null"
              }
            },
            "Create_Mail_Body": {
              "runAfter": {
                "Filter_array_for_failed_runs": [
                  "Succeeded"
                ]
              },
              "metadata": {
                "operationMetadataId": "e4a2e075-bb2d-4ccd-9efc-f46ae9fa8ae4"
              },
              "type": "Select",
              "inputs": {
                "from": "@body('Filter_array_for_failed_runs')",
                "select": {
                  "Flow Run ID": "@item()['flowRun_id']",
                  "Status": "@item()['status']",
                  "Starttime": "@item()['startTime']",
                  "Endtime": "@item()['endTime']",
                  "Details": "@item()['flowRun_details_URL']"
                }
              }
            },
            "Determine_Flow_Overview_URL_": {
              "runAfter": {},
              "metadata": {
                "operationMetadataId": "f0ff65bf-6e78-4b0d-aca3-1fcc0a1192fa"
              },
              "type": "Compose",
              "inputs": "https://make.powerautomate.com/environments/@{parameters('proMo_environment_id (at_proMo_environment_id)')}/solutions/@{items('Apply_to_each')?['solutionid']}/flows/@{items('Apply_to_each')?['workflowidunique']}/details"
            },
            "Get_List_of_Flow_Runs": {
              "runAfter": {
                "Determine_Flow_Overview_URL_": [
                  "Succeeded"
                ]
              },
              "metadata": {
                "operationMetadataId": "d46bd9f6-3165-4a80-80b5-d719702678f5"
              },
              "type": "OpenApiConnection",
              "inputs": {
                "host": {
                  "connectionName": "shared_at-5fat-5fflowmonitoring-5fconnector-5fcb1623058f75a2a0",
                  "operationId": "GetFlowRuns",
                  "apiId": "/providers/Microsoft.PowerApps/apis/shared_at-5fat-5fflowmonitoring-5fconnector-5fcb1623058f75a2a0"
                },
                "parameters": {
                  "environmentID": "@parameters('proMo_environment_id (at_proMo_environment_id)')",
                  "FlowGUID": "@items('Apply_to_each')?['workflowidunique']",
                  "api-version": "2016-11-01",
                  "$filter": "startTime ge @{triggerBody()['text']} and startTime le @{triggerBody()['text_1']}"
                },
                "authentication": {
                  "type": "Raw",
                  "value": "@json(decodeBase64(triggerOutputs().headers['X-MS-APIM-Tokens']))['$ConnectionKey']"
                }
              }
            },
            "Run_a_Child_Flow": {
              "runAfter": {
                "Create_HTML_table_with_all_failed_runs_of_a_flow": [
                  "Succeeded"
                ]
              },
              "metadata": {
                "operationMetadataId": "8186ee29-cbc3-402d-924e-943716a76681"
              },
              "type": "Workflow",
              "inputs": {
                "host": {
                  "workflowReferenceName": "059bb2ef-aa5a-ed11-9562-000d3aba3951"
                },
                "body": {
                  "text": "@items('Apply_to_each')?['name']",
                  "text_1": "@outputs('Determine_Flow_Overview_URL_')",
                  "text_2": "@body('Create_HTML_table_with_all_failed_runs_of_a_flow')",
                  "number": "@items('Apply_to_each')?['statecode']",
                  "text_3": "@items('Apply_to_each')?['workflowidunique']"
                }
              }
            }
          },
          "runAfter": {
            "List_rows": [
              "Succeeded"
            ]
          },
          "metadata": {
            "operationMetadataId": "905f22b4-5d37-425d-a87b-9beb1888555e"
          },
          "type": "Foreach"
        },
        "Initialize_variable:_Array_of_all_FlowRuns": {
          "runAfter": {},
          "metadata": {
            "operationMetadataId": "83efa2f9-74be-4caa-9532-96acc8f6723c"
          },
          "type": "InitializeVariable",
          "inputs": {
            "variables": [
              {
                "name": "Array of all FlowRuns",
                "type": "array"
              }
            ]
          }
        },
        "Respond_to_a_PowerApp_or_flow": {
          "runAfter": {
            "Apply_to_each": [
              "Succeeded"
            ]
          },
          "metadata": {
            "operationMetadataId": "8d35a6d9-8499-4120-b6e7-a987f638d3db"
          },
          "type": "Response",
          "kind": "PowerApp",
          "inputs": {
            "statusCode": 200,
            "body": {},
            "schema": {
              "type": "object",
              "properties": {}
            }
          }
        }
      }
    },
    "templateName": ""
  },
  "schemaVersion": "1.0.0.0"
}