<ImportExportXml xmlns:xsi="http://www.w3.org/2001/XMLSchema-instance">
  <Entities></Entities>
  <Roles></Roles>
  <Workflows></Workflows>
  <FieldSecurityProfiles></FieldSecurityProfiles>
  <Templates />
  <EntityMaps />
  <EntityRelationships />
  <OrganizationSettings />
  <optionsets />
  <CustomControls />
  <EntityDataProviders />
  <Connectors>
    <Connector>
      <connectorid>e8629d8a-a16b-481e-900d-004b9b904a52</connectorid>
      <description>Testing the REST API of Power Automate to manage flows</description>
      <displayname>at_FlowMonitoring_Connector</displayname>
      <iconbrandcolor>#007ee5</iconbrandcolor>
      <name>at_5Fat-5Fflowmonitoring-5Fconnector</name>
      <connectortype>1</connectortype>
      <openapidefinition>/Connector/at_5Fat-5Fflowmonitoring-5Fconnector_openapidefinition.json</openapidefinition>
      <connectionparameters>/Connector/at_5Fat-5Fflowmonitoring-5Fconnector_connectionparameters.json</connectionparameters>
      <policytemplateinstances>/Connector/at_5Fat-5Fflowmonitoring-5Fconnector_policytemplateinstances.json</policytemplateinstances>
      <iconblob>/Connector/at_5Fat-5Fflowmonitoring-5Fconnector_iconblob.Png</iconblob>
    </Connector>
  </Connectors>
  <Languages>
    <Language>1033</Language>
    <Language>1031</Language>
  </Languages>
</ImportExportXml>