{"token":{"type":"oauthSetting","oAuthSettings":{"identityProvider":"aad","clientId":"8fe91eff-6260-4a2d-b6a7-3c1bd46d6c43","scopes":[],"redirectMode":"Global","redirectUrl":"https://global.consent.azure-apim.net/redirect","properties":{"IsFirstParty":"False","AzureActiveDirectoryResourceId":"https://service.flow.microsoft.com/","IsOnbehalfofLoginSupported":true},"customParameters":{"loginUri":{"value":"https://login.windows.net"},"tenantId":{"value":"common"},"resourceUri":{"value":"https://service.flow.microsoft.com/"},"enableOnbehalfOfLogin":{"value":"false"}}}},"token:TenantId":{"type":"string","metadata":{"sourceType":"AzureActiveDirectoryTenant"},"uiDefinition":{"constraints":{"required":"false","hidden":"true"}}}}