{
  "properties": {
    "connectionReferences": {
      "shared_commondataserviceforapps": {
        "runtimeSource": "embedded",
        "connection": {
          "connectionReferenceLogicalName": "at_proMo_Dataverse"
        },
        "api": {
          "name": "shared_commondataserviceforapps"
        }
      },
      "shared_office365_2": {
        "runtimeSource": "embedded",
        "connection": {
          "connectionReferenceLogicalName": "at_ProMo_OutlookConnection"
        },
        "api": {
          "name": "shared_office365"
        }
      },
      "shared_office365_1": {
        "runtimeSource": "embedded",
        "connection": {
          "connectionReferenceLogicalName": "at_ProMo_OutlookConnection"
        },
        "api": {
          "name": "shared_office365"
        }
      }
    },
    "definition": {
      "$schema": "https://schema.management.azure.com/providers/Microsoft.Logic/schemas/2016-06-01/workflowdefinition.json#",
      "contentVersion": "1.0.0.0",
      "parameters": {
        "$connections": {
          "defaultValue": {},
          "type": "Object"
        },
        "$authentication": {
          "defaultValue": {},
          "type": "SecureObject"
        },
        "AlertUserMail1 (at_ProMo_AlertUserMail1)": {
          "defaultValue": "FWilp@apptech.de",
          "type": "String",
          "metadata": {
            "schemaName": "at_ProMo_AlertUserMail1",
            "description": "Set the Mail address of the User, who should be alerted via Outlook"
          }
        },
        "AlertUserMail2 (at_ProMo_AlertUserMail2)": {
          "defaultValue": "testcrm@apptech.de",
          "type": "String",
          "metadata": {
            "schemaName": "at_ProMo_AlertUserMail2",
            "description": "Set the Mail address of the User, who should be alerted via Outlook"
          }
        }
      },
      "triggers": {
        "manual": {
          "metadata": {
            "operationMetadataId": "c30fa345-836a-4c27-97ad-758834f80f5e"
          },
          "type": "Request",
          "kind": "Button",
          "inputs": {
            "schema": {
              "type": "object",
              "properties": {
                "text": {
                  "title": "Flowname",
                  "type": "string",
                  "x-ms-dynamically-added": true,
                  "description": "Please enter your input",
                  "x-ms-content-hint": "TEXT"
                },
                "text_1": {
                  "title": "Flow Overview URL",
                  "type": "string",
                  "x-ms-dynamically-added": true,
                  "description": "Please enter your input",
                  "x-ms-content-hint": "TEXT"
                },
                "text_2": {
                  "title": "Mail body",
                  "type": "string",
                  "x-ms-dynamically-added": true,
                  "description": "Please enter your input",
                  "x-ms-content-hint": "TEXT"
                },
                "number": {
                  "title": "is Active",
                  "type": "number",
                  "x-ms-dynamically-added": true,
                  "description": "Please enter a number",
                  "x-ms-content-hint": "NUMBER"
                },
                "text_3": {
                  "title": "Flow ID",
                  "type": "string",
                  "x-ms-dynamically-added": true,
                  "description": "Please enter your input",
                  "x-ms-content-hint": "TEXT"
                },
                "text_4": {
                  "title": "CheckFailure",
                  "type": "string",
                  "x-ms-dynamically-added": true,
                  "description": "Please enter your input",
                  "x-ms-content-hint": "TEXT"
                },
                "text_5": {
                  "title": "ProcessID",
                  "type": "string",
                  "x-ms-dynamically-added": true,
                  "description": "Please enter your input",
                  "x-ms-content-hint": "TEXT"
                }
              },
              "required": [
                "text",
                "text_1",
                "text_2",
                "number",
                "text_3",
                "text_5"
              ]
            }
          }
        }
      },
      "actions": {
        "Respond_to_a_PowerApp_or_flow": {
          "runAfter": {
            "Catch_-_Send_alert_Exceptions": [
              "Skipped"
            ]
          },
          "metadata": {
            "operationMetadataId": "ae784649-cc96-402b-acab-bfb2d03b5787"
          },
          "type": "Response",
          "kind": "PowerApp",
          "inputs": {
            "statusCode": 200,
            "body": {},
            "schema": {
              "type": "object",
              "properties": {}
            }
          }
        },
        "Try_-_Dataverse_Actions": {
          "actions": {
            "List_rows": {
              "runAfter": {},
              "metadata": {
                "operationMetadataId": "01d33439-8487-41be-8840-d16445198330"
              },
              "type": "OpenApiConnection",
              "inputs": {
                "host": {
                  "connectionName": "shared_commondataserviceforapps",
                  "operationId": "ListRecords",
                  "apiId": "/providers/Microsoft.PowerApps/apis/shared_commondataserviceforapps"
                },
                "parameters": {
                  "entityName": "at_promo_whitelistforflowses",
                  "$filter": "(at_promo_processid eq @{triggerBody()['text_5']})"
                },
                "authentication": {
                  "type": "Raw",
                  "value": "@json(decodeBase64(triggerOutputs().headers['X-MS-APIM-Tokens']))['$ConnectionKey']"
                }
              }
            }
          },
          "runAfter": {
            "Compose": [
              "Succeeded"
            ]
          },
          "metadata": {
            "operationMetadataId": "0d7e18ed-5fab-40c2-9fc6-32502b61850d"
          },
          "type": "Scope"
        },
        "Catch_-_Dataverse_Exceptions": {
          "actions": {
            "Terminate_to_Failed_-_Dataverse_failure": {
              "runAfter": {
                "Send_an_email_for_Dataverse_failure": [
                  "Succeeded"
                ]
              },
              "metadata": {
                "operationMetadataId": "a0c28e7c-de5a-4b24-a9e2-836fda8b9e02"
              },
              "type": "Terminate",
              "inputs": {
                "runStatus": "Failed",
                "runError": {
                  "code": "Catch block got triggered - dataverse failure"
                }
              }
            },
            "Send_an_email_for_Dataverse_failure": {
              "runAfter": {},
              "metadata": {
                "operationMetadataId": "d3755dfd-0e94-42ab-b21e-61e70425c2c0"
              },
              "type": "OpenApiConnection",
              "inputs": {
                "host": {
                  "connectionName": "shared_office365_2",
                  "operationId": "SendEmailV2",
                  "apiId": "/providers/Microsoft.PowerApps/apis/shared_office365"
                },
                "parameters": {
                  "emailMessage/To": "@{parameters('AlertUserMail1 (at_ProMo_AlertUserMail1)')};@{parameters('AlertUserMail2 (at_ProMo_AlertUserMail2)')}",
                  "emailMessage/Subject": "Alert: The Process Monitoring has failed!",
                  "emailMessage/Body": "<p>The Process Monitoring has failed because there was a problem in the flow \"@{\r\n workflow()?['tags']['flowDisplayName']}\"!<br>\nPlease check your flow! Click <a href=\"@{outputs('Generate_Flow_Run_URL')}\">here.</a></p>",
                  "emailMessage/Importance": "High"
                },
                "authentication": {
                  "type": "Raw",
                  "value": "@json(decodeBase64(triggerOutputs().headers['X-MS-APIM-Tokens']))['$ConnectionKey']"
                }
              }
            }
          },
          "runAfter": {
            "Try_-_Dataverse_Actions": [
              "Failed"
            ]
          },
          "metadata": {
            "operationMetadataId": "4cc744ca-733c-4970-b813-2568d9b18f41"
          },
          "type": "Scope"
        },
        "Try_-_Send_alert_Actions": {
          "actions": {
            "Check_if_Flow_is_on": {
              "actions": {
                "Send_an_email_if_flow_run_has_been_failed": {
                  "runAfter": {},
                  "metadata": {
                    "operationMetadataId": "04d5cd40-e7a9-4f1a-8bfe-4c854d1dcb9c"
                  },
                  "type": "OpenApiConnection",
                  "inputs": {
                    "host": {
                      "connectionName": "shared_office365_1",
                      "operationId": "SendEmailV2",
                      "apiId": "/providers/Microsoft.PowerApps/apis/shared_office365"
                    },
                    "parameters": {
                      "emailMessage/To": "@{parameters('AlertUserMail1 (at_ProMo_AlertUserMail1)')};@{parameters('AlertUserMail2 (at_ProMo_AlertUserMail2)')}",
                      "emailMessage/Subject": "Alert: Flow \"@{triggerBody()['text']}\" has been failed",
                      "emailMessage/Body": "<p>\n    <strong>\n        Flow: @{triggerBody()['text']} has failed.\n    </strong>\n    <br>\n    <a href=\"\"> Flow Overview</a>\n    <br> @{outputs('CSS_Style_-_Mailbody')}@{triggerBody()['text_2']}<br>\n    <br>\n</p>",
                      "emailMessage/Importance": "High"
                    },
                    "authentication": {
                      "type": "Raw",
                      "value": "@json(decodeBase64(triggerOutputs().headers['X-MS-APIM-Tokens']))['$ConnectionKey']"
                    }
                  }
                }
              },
              "runAfter": {},
              "else": {
                "actions": {
                  "Check_if_Flow_isn't_in_Whitelist": {
                    "actions": {
                      "Send_an_email_if_flow_is_offline": {
                        "runAfter": {},
                        "metadata": {
                          "operationMetadataId": "a735fe3c-cfdb-4769-ba98-dc1b3db2d1b8"
                        },
                        "type": "OpenApiConnection",
                        "inputs": {
                          "host": {
                            "connectionName": "shared_office365_1",
                            "operationId": "SendEmailV2",
                            "apiId": "/providers/Microsoft.PowerApps/apis/shared_office365"
                          },
                          "parameters": {
                            "emailMessage/To": "@{parameters('AlertUserMail1 (at_ProMo_AlertUserMail1)')};@{parameters('AlertUserMail2 (at_ProMo_AlertUserMail2)')}",
                            "emailMessage/Subject": "Alert: Flow '@{triggerBody()['text']}' is offline",
                            "emailMessage/Body": "<p>The Flow \"@{triggerBody()['text']}\" is offline!<br>\n<br>\nIf you want to turn on the Flow, click <a href=\"@{triggerBody()['text_1']}\">here.</a>&nbsp;</p>",
                            "emailMessage/Importance": "Normal"
                          },
                          "authentication": {
                            "type": "Raw",
                            "value": "@json(decodeBase64(triggerOutputs().headers['X-MS-APIM-Tokens']))['$ConnectionKey']"
                          }
                        }
                      }
                    },
                    "runAfter": {},
                    "expression": {
                      "equals": [
                        "@length(outputs('List_rows')?['body/value'])",
                        0
                      ]
                    },
                    "metadata": {
                      "operationMetadataId": "0c3b565e-34ef-41bb-b271-6d9ba83025e6"
                    },
                    "type": "If"
                  }
                }
              },
              "expression": {
                "equals": [
                  "@triggerBody()['number']",
                  1
                ]
              },
              "metadata": {
                "operationMetadataId": "63da5ed2-64cb-4688-93f1-5080357a5e5d"
              },
              "type": "If"
            }
          },
          "runAfter": {
            "CSS_Style_-_Mailbody": [
              "Succeeded"
            ]
          },
          "metadata": {
            "operationMetadataId": "1e8d13ab-eb0a-4591-a53d-1970d14ba0d1"
          },
          "type": "Scope"
        },
        "Catch_-_Send_alert_Exceptions": {
          "actions": {
            "Send_an_email_for_Alert_failure": {
              "runAfter": {},
              "metadata": {
                "operationMetadataId": "d3755dfd-0e94-42ab-b21e-61e70425c2c0"
              },
              "type": "OpenApiConnection",
              "inputs": {
                "host": {
                  "connectionName": "shared_office365_2",
                  "operationId": "SendEmailV2",
                  "apiId": "/providers/Microsoft.PowerApps/apis/shared_office365"
                },
                "parameters": {
                  "emailMessage/To": "@{parameters('AlertUserMail1 (at_ProMo_AlertUserMail1)')};@{parameters('AlertUserMail2 (at_ProMo_AlertUserMail2)')}",
                  "emailMessage/Subject": "Alert: The Process Monitoring has failed!",
                  "emailMessage/Body": "<p>The Process Monitoring has failed because there was a problem in the flow \"@{workflow()?['tags']['flowDisplayName']}\"!<br>\nPlease check your flow! Click <a href=\"@{outputs('Generate_Flow_Run_URL')}\">here.</a></p>",
                  "emailMessage/Importance": "High"
                },
                "authentication": {
                  "type": "Raw",
                  "value": "@json(decodeBase64(triggerOutputs().headers['X-MS-APIM-Tokens']))['$ConnectionKey']"
                }
              }
            },
            "Terminate_to_failed": {
              "runAfter": {
                "Send_an_email_for_Alert_failure": [
                  "Succeeded"
                ]
              },
              "metadata": {
                "operationMetadataId": "19d232a4-4a2b-410b-abdf-0d7580182bd5"
              },
              "type": "Terminate",
              "inputs": {
                "runStatus": "Failed",
                "runError": {
                  "code": "Catch block got triggered - Sending alert failure"
                }
              }
            }
          },
          "runAfter": {
            "Try_-_Send_alert_Actions": [
              "Failed"
            ]
          },
          "metadata": {
            "operationMetadataId": "487e3963-fca9-43d3-a836-2b125e3dd877"
          },
          "type": "Scope"
        },
        "CSS_Style_-_Mailbody": {
          "runAfter": {
            "Catch_-_Dataverse_Exceptions": [
              "Skipped"
            ]
          },
          "metadata": {
            "operationMetadataId": "c6ddfc5c-fcaf-4f4d-9d2f-c0d1d8075970"
          },
          "type": "Compose",
          "inputs": "<style>\nTable {\n  font-family: Arial, Helvetica, sans-serif;\n  background-color: #EEEEEE;\n  border-collapse: collapse;\n  width: 100%;\n}\n\nTable td, Table th {\n  border: 1px solid #ddd;\n  padding: 3px 3px;\n}\n\nTable th {\n  font-size: 15px;\n  font-weight: bold;\n  padding-top: 12px;\n  padding-bottom: 12px;\n  text-align: left;\n  background-color: #1C6EA4;\n  color: white;\n}\n</style>"
        },
        "Generate_Flow_Run_URL": {
          "runAfter": {},
          "metadata": {
            "operationMetadataId": "d71eae9e-c8e2-4e15-9591-7724c5a3b6bb"
          },
          "type": "Compose",
          "inputs": "@concat(concat(concat(concat('https://make.powerautomate.com/environments/', workflow()?['tags']['environmentName'],'/flows/',workflow()?['name'],'/runs/',workflow()?['run']['name']))))"
        },
        "Get_a_row_by_ID": {
          "runAfter": {
            "Generate_Flow_Run_URL": [
              "Succeeded"
            ]
          },
          "metadata": {
            "operationMetadataId": "09017d8d-84de-45d8-a25a-23fb9992e216"
          },
          "type": "OpenApiConnection",
          "inputs": {
            "host": {
              "connectionName": "shared_commondataserviceforapps",
              "operationId": "GetItem",
              "apiId": "/providers/Microsoft.PowerApps/apis/shared_commondataserviceforapps"
            },
            "parameters": {
              "entityName": "workflows",
              "recordId": "@triggerBody()['text_5']"
            },
            "authentication": {
              "type": "Raw",
              "value": "@json(decodeBase64(triggerOutputs().headers['X-MS-APIM-Tokens']))['$ConnectionKey']"
            }
          }
        },
        "Compose": {
          "runAfter": {
            "Get_a_row_by_ID": [
              "Succeeded"
            ]
          },
          "metadata": {
            "operationMetadataId": "48bf7578-0d64-496b-88e6-0d40a4e04711"
          },
          "type": "Compose",
          "inputs": "@outputs('Get_a_row_by_ID')?['body/name']"
        }
      }
    },
    "templateName": ""
  },
  "schemaVersion": "1.0.0.0"
}