<ImportExportXml xmlns:xsi="http://www.w3.org/2001/XMLSchema-instance">
  <Entities></Entities>
  <Roles></Roles>
  <Workflows>
    <Workflow WorkflowId="{77a78843-8739-ed11-9db1-000d3aba3d29}" Name="ProMo_GetAllRunsForAllFlows">
      <JsonFileName>/Workflows/ProMo_GetAllRunsForAllFlows-77A78843-8739-ED11-9DB1-000D3ABA3D29.json</JsonFileName>
      <Type>1</Type>
      <Subprocess>0</Subprocess>
      <Category>5</Category>
      <Mode>0</Mode>
      <Scope>4</Scope>
      <OnDemand>0</OnDemand>
      <TriggerOnCreate>0</TriggerOnCreate>
      <TriggerOnDelete>0</TriggerOnDelete>
      <AsyncAutodelete>0</AsyncAutodelete>
      <SyncWorkflowLogOnFailure>0</SyncWorkflowLogOnFailure>
      <StateCode>1</StateCode>
      <StatusCode>2</StatusCode>
      <RunAs>1</RunAs>
      <IsTransacted>1</IsTransacted>
      <IntroducedVersion>1.0.0.0</IntroducedVersion>
      <IsCustomizable>1</IsCustomizable>
      <BusinessProcessType>0</BusinessProcessType>
      <IsCustomProcessingStepAllowedForOtherPublishers>1</IsCustomProcessingStepAllowedForOtherPublishers>
      <PrimaryEntity>none</PrimaryEntity>
      <LocalizedNames>
        <LocalizedName languagecode="1033" description="ProMo_GetAllRunsForAllFlows" />
      </LocalizedNames>
    </Workflow>
  </Workflows>
  <FieldSecurityProfiles></FieldSecurityProfiles>
  <Templates />
  <EntityMaps />
  <EntityRelationships />
  <OrganizationSettings />
  <optionsets />
  <CustomControls />
  <EntityDataProviders />
  <connectionreferences>
    <connectionreference connectionreferencelogicalname="at_proMo_Dataverse">
      <connectionreferencedisplayname>proMo_Dataverse</connectionreferencedisplayname>
      <connectorid>/providers/Microsoft.PowerApps/apis/shared_commondataserviceforapps</connectorid>
      <iscustomizable>1</iscustomizable>
      <statecode>0</statecode>
      <statuscode>1</statuscode>
    </connectionreference>
    <connectionreference connectionreferencelogicalname="at_proMo_FlowMonitoringConnector">
      <connectionreferencedisplayname>proMo_FlowMonitoringConnector</connectionreferencedisplayname>
      <connectorid>/providers/Microsoft.PowerApps/apis/shared_at-5fat-5fflowmonitoring-5fconnector-5fcb1623058f75a2a0</connectorid>
      <customconnectorid>
        <connectorid>e8629d8a-a16b-481e-900d-004b9b904a52</connectorid>
      </customconnectorid>
      <iscustomizable>1</iscustomizable>
      <statecode>0</statecode>
      <statuscode>1</statuscode>
    </connectionreference>
    <connectionreference connectionreferencelogicalname="at_proMo_LogAnalytics">
      <connectionreferencedisplayname>proMo_LogAnalytics</connectionreferencedisplayname>
      <connectorid>/providers/Microsoft.PowerApps/apis/shared_azureloganalyticsdatacollector</connectorid>
      <iscustomizable>1</iscustomizable>
      <statecode>0</statecode>
      <statuscode>1</statuscode>
    </connectionreference>
  </connectionreferences>
  <Languages>
    <Language>1033</Language>
    <Language>1031</Language>
  </Languages>
</ImportExportXml>