{
  "properties": {
    "connectionReferences": {
      "shared_office365_1": {
        "runtimeSource": "embedded",
        "connection": {
          "connectionReferenceLogicalName": "at_ProMo_OutlookConnection"
        },
        "api": {
          "name": "shared_office365"
        }
      }
    },
    "definition": {
      "$schema": "https://schema.management.azure.com/providers/Microsoft.Logic/schemas/2016-06-01/workflowdefinition.json#",
      "contentVersion": "1.0.0.0",
      "parameters": {
        "$connections": {
          "defaultValue": {},
          "type": "Object"
        },
        "$authentication": {
          "defaultValue": {},
          "type": "SecureObject"
        },
        "AlertUserMail1 (at_ProMo_AlertUserMail1)": {
          "defaultValue": "FWilp@apptech.de",
          "type": "String",
          "metadata": {
            "schemaName": "at_ProMo_AlertUserMail1",
            "description": "Set the Mail address of the User, who should be alerted via Outlook"
          }
        },
        "AlertUserMail2 (at_ProMo_AlertUserMail2)": {
          "defaultValue": "testcrm@apptech.de",
          "type": "String",
          "metadata": {
            "schemaName": "at_ProMo_AlertUserMail2",
            "description": "Set the Mail address of the User, who should be alerted via Outlook"
          }
        },
        "AlertUserMail3 (at_ProMo_AlertUserMail3)": {
          "defaultValue": "testcrm@apptech.de",
          "type": "String",
          "metadata": {
            "schemaName": "at_ProMo_AlertUserMail3",
            "description": "Set the Mail address of the User, who should be alerted via Outlook"
          }
        }
      },
      "triggers": {
        "Recurrence": {
          "recurrence": {
            "frequency": "Hour",
            "interval": 1,
            "timeZone": "W. Europe Standard Time",
            "startTime": "2022-10-25T08:00:00Z"
          },
          "metadata": {
            "operationMetadataId": "79bcb524-4f04-4568-a707-4f92ca771327"
          },
          "type": "Recurrence"
        }
      },
      "actions": {
        "Try_-_Set_time_interval__+_run_Child_Flow_Actions": {
          "actions": {
            "Current_time_-_End": {
              "runAfter": {},
              "metadata": {
                "operationMetadataId": "2c4c0477-b6d8-40cc-b6ea-00d242b598b5"
              },
              "type": "Expression",
              "kind": "CurrentTime",
              "inputs": {}
            },
            "Get_previous_hour_-_Start": {
              "runAfter": {
                "Current_time_-_End": [
                  "Succeeded"
                ]
              },
              "metadata": {
                "operationMetadataId": "b2619c39-815c-4650-a56f-87c13660bef5"
              },
              "type": "Expression",
              "kind": "SubtractFromTime",
              "inputs": {
                "baseTime": "@body('Current_time_-_End')",
                "interval": 1,
                "timeUnit": "Hour"
              }
            },
            "Run_a_Child_Flow": {
              "runAfter": {
                "Get_previous_hour_-_Start": [
                  "Succeeded"
                ]
              },
              "metadata": {
                "operationMetadataId": "2ae85d24-fc19-4967-b77c-8b38a18bf070"
              },
              "type": "Workflow",
              "inputs": {
                "host": {
                  "workflowReferenceName": "dd013138-805e-ed11-9561-000d3aba3951"
                },
                "body": {
                  "text": "@body('Get_previous_hour_-_Start')",
                  "text_1": "@body('Current_time_-_End')"
                }
              }
            }
          },
          "runAfter": {},
          "metadata": {
            "operationMetadataId": "d46b03f3-2ab0-46d2-b931-3c91a0246f21"
          },
          "type": "Scope"
        },
        "Catch_-_Set_time_interval_+_run_Child_Flow_Exceptions": {
          "actions": {
            "Send_an_email_(V2)": {
              "runAfter": {},
              "metadata": {
                "operationMetadataId": "aa45b7d2-7627-4860-965b-6d33d1b8153f"
              },
              "type": "OpenApiConnection",
              "inputs": {
                "host": {
                  "connectionName": "shared_office365_1",
                  "operationId": "SendEmailV2",
                  "apiId": "/providers/Microsoft.PowerApps/apis/shared_office365"
                },
                "parameters": {
                  "emailMessage/To": "@{parameters('AlertUserMail1 (at_ProMo_AlertUserMail1)')};@{parameters('AlertUserMail2 (at_ProMo_AlertUserMail2)')};@{parameters('AlertUserMail3 (at_ProMo_AlertUserMail3)')}",
                  "emailMessage/Subject": "Alert: The Process Monitoring has failed",
                  "emailMessage/Body": "<p>There was a problem triggering the Process Monitoring.<br>\nPlease check your flow!</p>",
                  "emailMessage/Importance": "Normal"
                },
                "authentication": "@parameters('$authentication')"
              }
            }
          },
          "runAfter": {
            "Try_-_Set_time_interval__+_run_Child_Flow_Actions": [
              "Failed"
            ]
          },
          "metadata": {
            "operationMetadataId": "680362c9-74d7-43b1-bfd5-79f1ef11fecb"
          },
          "type": "Scope"
        }
      }
    },
    "templateName": ""
  },
  "schemaVersion": "1.0.0.0"
}