{
  "properties": {
    "connectionReferences": {
      "shared_commondataserviceforapps_1": {
        "runtimeSource": "embedded",
        "connection": {
          "connectionReferenceLogicalName": "at_proMo_Dataverse"
        },
        "api": {
          "name": "shared_commondataserviceforapps"
        }
      },
      "shared_office365_2": {
        "runtimeSource": "embedded",
        "connection": {
          "connectionReferenceLogicalName": "at_ProMo_OutlookConnection"
        },
        "api": {
          "name": "shared_office365"
        }
      },
      "shared_office365_1": {
        "runtimeSource": "embedded",
        "connection": {
          "connectionReferenceLogicalName": "at_ProMo_OutlookConnection"
        },
        "api": {
          "name": "shared_office365"
        }
      }
    },
    "definition": {
      "$schema": "https://schema.management.azure.com/providers/Microsoft.Logic/schemas/2016-06-01/workflowdefinition.json#",
      "contentVersion": "1.0.0.0",
      "parameters": {
        "$connections": {
          "defaultValue": {},
          "type": "Object"
        },
        "$authentication": {
          "defaultValue": {},
          "type": "SecureObject"
        },
        "AlertUserMail1 (at_ProMo_AlertUserMail1)": {
          "defaultValue": "FWilp@apptech.de",
          "type": "String",
          "metadata": {
            "schemaName": "at_ProMo_AlertUserMail1",
            "description": "Set the Mail address of the User, who should be alerted via Outlook"
          }
        },
        "AlertUserMail2 (at_ProMo_AlertUserMail2)": {
          "defaultValue": "testcrm@apptech.de",
          "type": "String",
          "metadata": {
            "schemaName": "at_ProMo_AlertUserMail2",
            "description": "Set the Mail address of the User, who should be alerted via Outlook"
          }
        },
        "AlertUserMail3 (at_ProMo_AlertUserMail3)": {
          "defaultValue": "testcrm@apptech.de",
          "type": "String",
          "metadata": {
            "schemaName": "at_ProMo_AlertUserMail3",
            "description": "Set the Mail address of the User, who should be alerted via Outlook"
          }
        }
      },
      "triggers": {
        "manual": {
          "metadata": {
            "operationMetadataId": "c30fa345-836a-4c27-97ad-758834f80f5e"
          },
          "type": "Request",
          "kind": "Button",
          "inputs": {
            "schema": {
              "type": "object",
              "properties": {
                "text": {
                  "title": "Flowname",
                  "type": "string",
                  "x-ms-dynamically-added": true,
                  "description": "Please enter your input",
                  "x-ms-content-hint": "TEXT"
                },
                "text_1": {
                  "title": "Flow Overview URL",
                  "type": "string",
                  "x-ms-dynamically-added": true,
                  "description": "Please enter your input",
                  "x-ms-content-hint": "TEXT"
                },
                "text_2": {
                  "title": "Mail body",
                  "type": "string",
                  "x-ms-dynamically-added": true,
                  "description": "Please enter your input",
                  "x-ms-content-hint": "TEXT"
                },
                "number": {
                  "title": "is Active",
                  "type": "number",
                  "x-ms-dynamically-added": true,
                  "description": "Please enter a number",
                  "x-ms-content-hint": "NUMBER"
                },
                "text_3": {
                  "title": "Flow ID",
                  "type": "string",
                  "x-ms-dynamically-added": true,
                  "description": "Please enter your input",
                  "x-ms-content-hint": "TEXT"
                },
                "text_4": {
                  "title": "CheckFailure",
                  "type": "string",
                  "x-ms-dynamically-added": true,
                  "description": "Please enter your input",
                  "x-ms-content-hint": "TEXT"
                }
              },
              "required": [
                "text",
                "text_1",
                "text_2",
                "number",
                "text_3"
              ]
            }
          }
        }
      },
      "actions": {
        "Respond_to_a_PowerApp_or_flow": {
          "runAfter": {
            "Catch_-_Send_alert_Exceptions": [
              "Skipped"
            ]
          },
          "metadata": {
            "operationMetadataId": "ae784649-cc96-402b-acab-bfb2d03b5787"
          },
          "type": "Response",
          "kind": "PowerApp",
          "inputs": {
            "statusCode": 200,
            "body": {},
            "schema": {
              "type": "object",
              "properties": {}
            }
          }
        },
        "Try_-_Dataverse_Actions": {
          "actions": {
            "List_rows": {
              "runAfter": {},
              "metadata": {
                "operationMetadataId": "01d33439-8487-41be-8840-d16445198330"
              },
              "type": "OpenApiConnection",
              "inputs": {
                "host": {
                  "connectionName": "shared_commondataserviceforapps_1",
                  "operationId": "ListRecords",
                  "apiId": "/providers/Microsoft.PowerApps/apis/shared_commondataserviceforapps"
                },
                "parameters": {
                  "entityName": "at_promo_whitelists",
                  "$filter": "at_promo_flowid eq @{triggerBody()['text_3']}"
                },
                "authentication": {
                  "type": "Raw",
                  "value": "@json(decodeBase64(triggerOutputs().headers['X-MS-APIM-Tokens']))['$ConnectionKey']"
                }
              }
            }
          },
          "runAfter": {},
          "metadata": {
            "operationMetadataId": "0d7e18ed-5fab-40c2-9fc6-32502b61850d"
          },
          "type": "Scope"
        },
        "Catch_-_Dataverse_Exceptions": {
          "actions": {
            "Send_an_email_for_Dataverse_failure": {
              "runAfter": {},
              "metadata": {
                "operationMetadataId": "d3755dfd-0e94-42ab-b21e-61e70425c2c0"
              },
              "type": "OpenApiConnection",
              "inputs": {
                "host": {
                  "connectionName": "shared_office365_2",
                  "operationId": "SendEmailV2",
                  "apiId": "/providers/Microsoft.PowerApps/apis/shared_office365"
                },
                "parameters": {
                  "emailMessage/To": "@{parameters('AlertUserMail1 (at_ProMo_AlertUserMail1)')};@{parameters('AlertUserMail2 (at_ProMo_AlertUserMail2)')};@{parameters('AlertUserMail3 (at_ProMo_AlertUserMail3)')}",
                  "emailMessage/Subject": "Alert: The Process Monitoring has failed!",
                  "emailMessage/Body": "<p>The Process Monitoring has failed because there was a problem in a <strong>Dataverse action</strong>!<br>\nPlease check your flow!</p>",
                  "emailMessage/Importance": "High"
                },
                "authentication": {
                  "type": "Raw",
                  "value": "@json(decodeBase64(triggerOutputs().headers['X-MS-APIM-Tokens']))['$ConnectionKey']"
                }
              }
            }
          },
          "runAfter": {
            "Try_-_Dataverse_Actions": [
              "Failed"
            ]
          },
          "metadata": {
            "operationMetadataId": "4cc744ca-733c-4970-b813-2568d9b18f41"
          },
          "type": "Scope"
        },
        "Try_-_Send_alert_Actions": {
          "actions": {
            "Check_if_Flow_is_on": {
              "actions": {
                "Send_an_email_if_flow_run_has_been_failed": {
                  "runAfter": {},
                  "metadata": {
                    "operationMetadataId": "04d5cd40-e7a9-4f1a-8bfe-4c854d1dcb9c"
                  },
                  "type": "OpenApiConnection",
                  "inputs": {
                    "host": {
                      "connectionName": "shared_office365_1",
                      "operationId": "SendEmailV2",
                      "apiId": "/providers/Microsoft.PowerApps/apis/shared_office365"
                    },
                    "parameters": {
                      "emailMessage/To": "@{parameters('AlertUserMail1 (at_ProMo_AlertUserMail1)')};@{parameters('AlertUserMail2 (at_ProMo_AlertUserMail2)')};@{parameters('AlertUserMail3 (at_ProMo_AlertUserMail3)')}",
                      "emailMessage/Subject": "Alert: Flow \"@{triggerBody()['text']}\" has been failed",
                      "emailMessage/Body": "<p><strong>Flow: </strong><strong>@{triggerBody()['text']}</strong><strong><br>\n</strong><a href=\"@{triggerBody()['text_1']}\">Overview</a><br>\n<u><br>\n</u><u>@{outputs('CSS_Style_-_Mailbody')}</u><u></u><u>@{triggerBody()['text_2']}</u><u></u><br>\n<br>\n</p>",
                      "emailMessage/Importance": "High"
                    },
                    "authentication": {
                      "type": "Raw",
                      "value": "@json(decodeBase64(triggerOutputs().headers['X-MS-APIM-Tokens']))['$ConnectionKey']"
                    }
                  }
                }
              },
              "runAfter": {},
              "else": {
                "actions": {
                  "Check_if_Flow_is_in_Whitelist": {
                    "actions": {
                      "Send_an_email_if_flow_is_offline": {
                        "runAfter": {},
                        "metadata": {
                          "operationMetadataId": "a735fe3c-cfdb-4769-ba98-dc1b3db2d1b8"
                        },
                        "type": "OpenApiConnection",
                        "inputs": {
                          "host": {
                            "connectionName": "shared_office365_1",
                            "operationId": "SendEmailV2",
                            "apiId": "/providers/Microsoft.PowerApps/apis/shared_office365"
                          },
                          "parameters": {
                            "emailMessage/To": "@{parameters('AlertUserMail1 (at_ProMo_AlertUserMail1)')};@{parameters('AlertUserMail2 (at_ProMo_AlertUserMail2)')};@{parameters('AlertUserMail3 (at_ProMo_AlertUserMail3)')}",
                            "emailMessage/Subject": "Alert: Flow '@{triggerBody()['text']}' is offline",
                            "emailMessage/Body": "<p>The Flow \"@{triggerBody()['text']}\" is offline!<br>\nFlow ID: @{triggerBody()['text_3']}<br>\n<br>\nIf you want to turn the Flow on, click <a href=\"@{triggerBody()['text_1']}\">here.</a>&nbsp;</p>",
                            "emailMessage/Importance": "Normal"
                          },
                          "authentication": {
                            "type": "Raw",
                            "value": "@json(decodeBase64(triggerOutputs().headers['X-MS-APIM-Tokens']))['$ConnectionKey']"
                          }
                        }
                      }
                    },
                    "runAfter": {},
                    "expression": {
                      "equals": [
                        "@length(outputs('List_rows')?['body/value'])",
                        0
                      ]
                    },
                    "metadata": {
                      "operationMetadataId": "0c3b565e-34ef-41bb-b271-6d9ba83025e6"
                    },
                    "type": "If"
                  }
                }
              },
              "expression": {
                "equals": [
                  "@triggerBody()['number']",
                  1
                ]
              },
              "metadata": {
                "operationMetadataId": "63da5ed2-64cb-4688-93f1-5080357a5e5d"
              },
              "type": "If"
            }
          },
          "runAfter": {
            "CSS_Style_-_Mailbody": [
              "Succeeded"
            ]
          },
          "metadata": {
            "operationMetadataId": "1e8d13ab-eb0a-4591-a53d-1970d14ba0d1"
          },
          "type": "Scope"
        },
        "Catch_-_Send_alert_Exceptions": {
          "actions": {
            "Send_an_email_for_Alert_failure": {
              "runAfter": {},
              "metadata": {
                "operationMetadataId": "d3755dfd-0e94-42ab-b21e-61e70425c2c0"
              },
              "type": "OpenApiConnection",
              "inputs": {
                "host": {
                  "connectionName": "shared_office365_2",
                  "operationId": "SendEmailV2",
                  "apiId": "/providers/Microsoft.PowerApps/apis/shared_office365"
                },
                "parameters": {
                  "emailMessage/To": "@{parameters('AlertUserMail1 (at_ProMo_AlertUserMail1)')};@{parameters('AlertUserMail2 (at_ProMo_AlertUserMail2)')};@{parameters('AlertUserMail3 (at_ProMo_AlertUserMail3)')}",
                  "emailMessage/Subject": "Alert: The Process Monitoring has failed!",
                  "emailMessage/Body": "<p>The Process Monitoring has failed because there was a problem in an <strong>Alert action</strong>!<br>\nPlease check your flow!</p>",
                  "emailMessage/Importance": "High"
                },
                "authentication": {
                  "type": "Raw",
                  "value": "@json(decodeBase64(triggerOutputs().headers['X-MS-APIM-Tokens']))['$ConnectionKey']"
                }
              }
            }
          },
          "runAfter": {
            "Try_-_Send_alert_Actions": [
              "Failed"
            ]
          },
          "metadata": {
            "operationMetadataId": "487e3963-fca9-43d3-a836-2b125e3dd877"
          },
          "type": "Scope"
        },
        "CSS_Style_-_Mailbody": {
          "runAfter": {
            "Catch_-_Dataverse_Exceptions": [
              "Skipped"
            ]
          },
          "metadata": {
            "operationMetadataId": "c6ddfc5c-fcaf-4f4d-9d2f-c0d1d8075970"
          },
          "type": "Compose",
          "inputs": "<style>\nTable {\n  font-family: Arial, Helvetica, sans-serif;\n  background-color: #EEEEEE;\n  border-collapse: collapse;\n  width: 100%;\n}\n\nTable td, Table th {\n  border: 1px solid #ddd;\n  padding: 3px 3px;\n}\n\nTable th {\n  font-size: 15px;\n  font-weight: bold;\n  padding-top: 12px;\n  padding-bottom: 12px;\n  text-align: left;\n  background-color: #1C6EA4;\n  color: white;\n}\n</style>"
        }
      }
    },
    "templateName": ""
  },
  "schemaVersion": "1.0.0.0"
}