{
  "properties": {
    "connectionReferences": {
      "shared_commondataserviceforapps_1": {
        "runtimeSource": "embedded",
        "connection": {
          "connectionReferenceLogicalName": "at_proMo_Dataverse"
        },
        "api": {
          "name": "shared_commondataserviceforapps"
        }
      },
      "shared_azureloganalyticsdatacollector_1": {
        "runtimeSource": "embedded",
        "connection": {
          "connectionReferenceLogicalName": "at_proMo_LogAnalytics"
        },
        "api": {
          "name": "shared_azureloganalyticsdatacollector"
        }
      },
      "shared_at-5fat-5fflowmonitoring-5fconnector-5fcb1623058f75a2a0_1": {
        "runtimeSource": "embedded",
        "connection": {
          "connectionReferenceLogicalName": "at_proMo_FlowMonitoringConnector"
        },
        "api": {
          "name": "shared_at-5fat-5fflowmonitoring-5fconnector-5fcb1623058f75a2a0",
          "logicalName": "at_5Fat-5Fflowmonitoring-5Fconnector"
        }
      }
    },
    "definition": {
      "$schema": "https://schema.management.azure.com/providers/Microsoft.Logic/schemas/2016-06-01/workflowdefinition.json#",
      "contentVersion": "1.0.0.0",
      "parameters": {
        "$connections": {
          "defaultValue": {},
          "type": "Object"
        },
        "$authentication": {
          "defaultValue": {},
          "type": "SecureObject"
        },
        "proMo_environment_id (at_proMo_environment_id)": {
          "defaultValue": "223c5dc9-484d-4615-a3f8-e2df290c9cb5",
          "type": "String",
          "metadata": {
            "schemaName": "at_proMo_environment_id"
          }
        }
      },
      "triggers": {
        "Recurrence": {
          "recurrence": {
            "frequency": "Week",
            "interval": 1,
            "startTime": "2022-09-21T07:30:00Z",
            "schedule": {
              "weekDays": [
                "Sunday",
                "Monday",
                "Tuesday",
                "Wednesday",
                "Thursday",
                "Friday",
                "Saturday"
              ]
            }
          },
          "metadata": {
            "operationMetadataId": "289b0656-a04e-4cc4-9143-0311bd78094a"
          },
          "type": "Recurrence"
        }
      },
      "actions": {
        "List_rows": {
          "runAfter": {},
          "metadata": {
            "operationMetadataId": "ec2f18ed-e941-4e24-986c-cb47667bf781"
          },
          "type": "OpenApiConnection",
          "inputs": {
            "host": {
              "connectionName": "shared_commondataserviceforapps_1",
              "operationId": "ListRecords",
              "apiId": "/providers/Microsoft.PowerApps/apis/shared_commondataserviceforapps"
            },
            "parameters": {
              "entityName": "workflows",
              "$filter": "category eq 5"
            },
            "authentication": "@parameters('$authentication')"
          }
        },
        "Get_total_number_of_all_workflows": {
          "runAfter": {
            "Initialize_variable_index": [
              "Succeeded"
            ]
          },
          "metadata": {
            "operationMetadataId": "63800d06-92ec-4c17-8bbc-76bb222bfede"
          },
          "type": "Compose",
          "inputs": "@length(outputs('List_rows')?['body/value'])"
        },
        "Initialize_variable_counter": {
          "runAfter": {
            "List_rows": [
              "Succeeded"
            ]
          },
          "metadata": {
            "operationMetadataId": "d92f66dd-a5dc-4de2-b06a-53da5eabaee5"
          },
          "type": "InitializeVariable",
          "inputs": {
            "variables": [
              {
                "name": "counter",
                "type": "integer",
                "value": 0
              }
            ]
          }
        },
        "Initialize_variable_index": {
          "runAfter": {
            "Initialize_variable_counter": [
              "Succeeded"
            ]
          },
          "metadata": {
            "operationMetadataId": "113eb2e4-a1bd-4a25-a1c7-6fb05199d90c"
          },
          "type": "InitializeVariable",
          "inputs": {
            "variables": [
              {
                "name": "array_index",
                "type": "integer",
                "value": 0
              }
            ]
          }
        },
        "Do_until": {
          "actions": {
            "Get_WorkflowID_(Unique)": {
              "runAfter": {},
              "metadata": {
                "operationMetadataId": "04a03a9b-380c-42ba-8a71-f1b2515225f8"
              },
              "type": "Compose",
              "inputs": "@outputs('List_rows')?['body/value'][variables('array_index')]?['workflowidunique']"
            },
            "Increment_variable": {
              "runAfter": {
                "Apply_to_each": [
                  "Succeeded"
                ]
              },
              "metadata": {
                "operationMetadataId": "8aa22eac-6610-4a03-b358-abe2e2f1ade8"
              },
              "type": "IncrementVariable",
              "inputs": {
                "name": "counter",
                "value": 1
              }
            },
            "Increment_variable_2": {
              "runAfter": {
                "Increment_variable": [
                  "Succeeded"
                ]
              },
              "metadata": {
                "operationMetadataId": "2cc28a07-5b74-42b7-ab61-2caaf4efe5d0"
              },
              "type": "IncrementVariable",
              "inputs": {
                "name": "array_index",
                "value": 1
              }
            },
            "Apply_to_each": {
              "foreach": "@outputs('Get_List_of_Flow_Runs')?['body']?['value']",
              "actions": {
                "Get_required_values_from_body": {
                  "runAfter": {},
                  "metadata": {
                    "operationMetadataId": "60d482b8-8309-43e9-876f-673d4ceac309"
                  },
                  "type": "Compose",
                  "inputs": {
                    "flowRun_id": "@items('Apply_to_each')?['name']",
                    "flow_id": "@outputs('Get_WorkflowID_(Unique)')",
                    "name": "@outputs('Get_Worfklowname')",
                    "isActive": "@outputs('List_rows')?['body/value'][variables('array_index')]?['statecode']",
                    "status": "@items('Apply_to_each')?['properties']?['status']",
                    "code": "@items('Apply_to_each')?['properties']?['code']",
                    "error_message": "@items('Apply_to_each')?['properties']?['error']?['message']",
                    "startTime": "@items('Apply_to_each')?['properties']?['startTime']",
                    "endTime": "@items('Apply_to_each')?['properties']?['endTime']",
                    "environment_id": "@parameters('proMo_environment_id (at_proMo_environment_id)')"
                  }
                },
                "Send_Data": {
                  "runAfter": {
                    "Get_required_values_from_body": [
                      "Succeeded"
                    ]
                  },
                  "metadata": {
                    "operationMetadataId": "cc348a60-40f8-49e6-b05c-7445abe3ee54"
                  },
                  "type": "OpenApiConnection",
                  "inputs": {
                    "host": {
                      "connectionName": "shared_azureloganalyticsdatacollector_1",
                      "operationId": "SendData",
                      "apiId": "/providers/Microsoft.PowerApps/apis/shared_azureloganalyticsdatacollector"
                    },
                    "parameters": {
                      "body": "@outputs('Get_required_values_from_body')",
                      "Log-Type": "AllFlowRuns_CL"
                    },
                    "authentication": "@parameters('$authentication')"
                  }
                }
              },
              "runAfter": {
                "Get_List_of_Flow_Runs": [
                  "Succeeded"
                ]
              },
              "metadata": {
                "operationMetadataId": "dcb7e2a1-99ca-4bae-ba68-bc3c6e86ce4b"
              },
              "type": "Foreach"
            },
            "Get_SolutionID": {
              "runAfter": {
                "Get_WorkflowID_(Unique)": [
                  "Succeeded"
                ]
              },
              "metadata": {
                "operationMetadataId": "836e3544-a862-4d84-b6c5-f0ad919e4777"
              },
              "type": "Compose",
              "inputs": "@outputs('List_rows')?['body/value'][variables('array_index')]?['solutionid']"
            },
            "Get_Worfklowname": {
              "runAfter": {
                "Get_SolutionID": [
                  "Succeeded"
                ]
              },
              "metadata": {
                "operationMetadataId": "23697234-2f73-4caa-9155-925a1ff51d5b"
              },
              "type": "Compose",
              "inputs": "@outputs('List_rows')?['body/value'][variables('array_index')]?['name']"
            },
            "Get_List_of_Flow_Runs": {
              "runAfter": {
                "Get_Worfklowname": [
                  "Succeeded"
                ]
              },
              "metadata": {
                "operationMetadataId": "26403e9f-7521-4ae9-bf0b-8e32d5583a7b"
              },
              "type": "OpenApiConnection",
              "inputs": {
                "host": {
                  "connectionName": "shared_at-5fat-5fflowmonitoring-5fconnector-5fcb1623058f75a2a0_1",
                  "operationId": "GetFlowRuns",
                  "apiId": "/providers/Microsoft.PowerApps/apis/shared_at-5fat-5fflowmonitoring-5fconnector-5fcb1623058f75a2a0"
                },
                "parameters": {
                  "FlowEnvironment": "@parameters('proMo_environment_id (at_proMo_environment_id)')",
                  "FlowGUID": "@outputs('Get_WorkflowID_(Unique)')",
                  "api-version": "2016-11-01"
                },
                "authentication": "@parameters('$authentication')"
              }
            }
          },
          "runAfter": {
            "Get_total_number_of_all_workflows": [
              "Succeeded"
            ]
          },
          "expression": "@equals(variables('counter'), outputs('Get_total_number_of_all_workflows'))",
          "limit": {
            "count": 200,
            "timeout": "PT1H"
          },
          "metadata": {
            "operationMetadataId": "9de877cb-7cc4-4ce2-a964-d2672ea9fb00"
          },
          "type": "Until"
        }
      }
    },
    "templateName": ""
  },
  "schemaVersion": "1.0.0.0"
}