<ImportExportXml version="9.2.22105.198" SolutionPackageVersion="9.2" languagecode="1033" generatedBy="CrmLive" xmlns:xsi="http://www.w3.org/2001/XMLSchema-instance">
  <SolutionManifest>
    <UniqueName>atProcessMonitoring</UniqueName>
    <LocalizedNames>
      <LocalizedName description="at Process Monitoring" languagecode="1033" />
    </LocalizedNames>
    <Descriptions>
      <Description description="Upgrade of at Process Monitoring" languagecode="1033" />
    </Descriptions>
    <Version>1.6.2212.071618</Version>
    <Managed>1</Managed>
    <Publisher>
      <UniqueName>appliedtechnologiesgmbh</UniqueName>
      <LocalizedNames>
        <LocalizedName description="applied technologies GmbH" languagecode="1031" />
        <LocalizedName description="applied technologies GmbH" languagecode="1033" />
      </LocalizedNames>
      <Descriptions>
        <Description description="unser Default Publisher" languagecode="1033" />
      </Descriptions>
      <EMailAddress>vertrieb@appliedtechnologies.de</EMailAddress>
      <SupportingWebsiteUrl>http://www.appliedtechnologies.de</SupportingWebsiteUrl>
      <CustomizationPrefix>at</CustomizationPrefix>
      <CustomizationOptionValuePrefix>20647</CustomizationOptionValuePrefix>
      <Addresses>
        <Address>
          <AddressNumber>1</AddressNumber>
          <AddressTypeCode>1</AddressTypeCode>
          <City>Essen</City>
          <County xsi:nil="true"></County>
          <Country xsi:nil="true"></Country>
          <Fax xsi:nil="true"></Fax>
          <FreightTermsCode xsi:nil="true"></FreightTermsCode>
          <ImportSequenceNumber xsi:nil="true"></ImportSequenceNumber>
          <Latitude xsi:nil="true"></Latitude>
          <Line1>Kruppstr 82-100</Line1>
          <Line2 xsi:nil="true"></Line2>
          <Line3 xsi:nil="true"></Line3>
          <Longitude xsi:nil="true"></Longitude>
          <Name xsi:nil="true"></Name>
          <PostalCode>45145</PostalCode>
          <PostOfficeBox xsi:nil="true"></PostOfficeBox>
          <PrimaryContactName xsi:nil="true"></PrimaryContactName>
          <ShippingMethodCode>1</ShippingMethodCode>
          <StateOrProvince>NRW</StateOrProvince>
          <Telephone1>+49 (201) 8127 334</Telephone1>
          <Telephone2 xsi:nil="true"></Telephone2>
          <Telephone3 xsi:nil="true"></Telephone3>
          <TimeZoneRuleVersionNumber xsi:nil="true"></TimeZoneRuleVersionNumber>
          <UPSZone xsi:nil="true"></UPSZone>
          <UTCOffset xsi:nil="true"></UTCOffset>
          <UTCConversionTimeZoneCode xsi:nil="true"></UTCConversionTimeZoneCode>
        </Address>
        <Address>
          <AddressNumber>2</AddressNumber>
          <AddressTypeCode>1</AddressTypeCode>
          <City xsi:nil="true"></City>
          <County xsi:nil="true"></County>
          <Country xsi:nil="true"></Country>
          <Fax xsi:nil="true"></Fax>
          <FreightTermsCode xsi:nil="true"></FreightTermsCode>
          <ImportSequenceNumber xsi:nil="true"></ImportSequenceNumber>
          <Latitude xsi:nil="true"></Latitude>
          <Line1 xsi:nil="true"></Line1>
          <Line2 xsi:nil="true"></Line2>
          <Line3 xsi:nil="true"></Line3>
          <Longitude xsi:nil="true"></Longitude>
          <Name xsi:nil="true"></Name>
          <PostalCode xsi:nil="true"></PostalCode>
          <PostOfficeBox xsi:nil="true"></PostOfficeBox>
          <PrimaryContactName xsi:nil="true"></PrimaryContactName>
          <ShippingMethodCode>1</ShippingMethodCode>
          <StateOrProvince xsi:nil="true"></StateOrProvince>
          <Telephone1 xsi:nil="true"></Telephone1>
          <Telephone2 xsi:nil="true"></Telephone2>
          <Telephone3 xsi:nil="true"></Telephone3>
          <TimeZoneRuleVersionNumber xsi:nil="true"></TimeZoneRuleVersionNumber>
          <UPSZone xsi:nil="true"></UPSZone>
          <UTCOffset xsi:nil="true"></UTCOffset>
          <UTCConversionTimeZoneCode xsi:nil="true"></UTCConversionTimeZoneCode>
        </Address>
      </Addresses>
    </Publisher>
    <RootComponents>
      <RootComponent type="1" schemaName="at_promo_whitelist" behavior="0" />
      <RootComponent type="29" id="{059bb2ef-aa5a-ed11-9562-000d3aba3951}" behavior="0" />
      <RootComponent type="29" id="{2e6d8b22-6c54-ed11-bba2-000d3aba3951}" behavior="0" />
      <RootComponent type="29" id="{a8464585-0655-ed11-bba2-000d3aba3d29}" behavior="0" />
      <RootComponent type="29" id="{dd013138-805e-ed11-9561-000d3aba3951}" behavior="0" />
      <RootComponent type="300" schemaName="at_processmonitoring_5f43d" behavior="0" />
    </RootComponents>
    <MissingDependencies>
      <MissingDependency>
        <Required type="372" schemaName="at_5Fat-5Fflowmonitoring-5Fconnector" displayName="at_FlowMonitoring_Connector" solution="Active" id="{e8629d8a-a16b-481e-900d-004b9b904a52}" />
        <Dependent type="29" displayName="ProMo_GetAllFlowRuns" id="{dd013138-805e-ed11-9561-000d3aba3951}" />
      </MissingDependency>
      <MissingDependency>
        <Required type="372" schemaName="at_5Fat-5Fflowmonitoring-5Fconnector" displayName="at_FlowMonitoring_Connector" solution="Active" id="{e8629d8a-a16b-481e-900d-004b9b904a52}" />
        <Dependent type="connectionreference" displayName="at_proMo_FlowMonitoringConnector" id.connectionreferencelogicalname="at_proMo_FlowMonitoringConnector" />
      </MissingDependency>
    </MissingDependencies>
  </SolutionManifest>
</ImportExportXml>