{
  "properties": {
    "connectionReferences": {
      "shared_commondataserviceforapps_1": {
        "runtimeSource": "embedded",
        "connection": {
          "connectionReferenceLogicalName": "at_proMo_Dataverse"
        },
        "api": {
          "name": "shared_commondataserviceforapps"
        }
      },
      "shared_office365_2": {
        "runtimeSource": "embedded",
        "connection": {
          "connectionReferenceLogicalName": "at_ProMo_OutlookConnection"
        },
        "api": {
          "name": "shared_office365"
        }
      },
      "shared_at-5fat-5fflowmonitoring-5fconnector-5fcb1623058f75a2a0": {
        "runtimeSource": "embedded",
        "connection": {
          "connectionReferenceLogicalName": "at_proMo_FlowMonitoringConnector"
        },
        "api": {
          "name": "shared_at-5fat-5fflowmonitoring-5fconnector-5fcb1623058f75a2a0",
          "logicalName": "at_5Fat-5Fflowmonitoring-5Fconnector"
        }
      }
    },
    "definition": {
      "$schema": "https://schema.management.azure.com/providers/Microsoft.Logic/schemas/2016-06-01/workflowdefinition.json#",
      "contentVersion": "1.0.0.0",
      "parameters": {
        "$connections": {
          "defaultValue": {},
          "type": "Object"
        },
        "$authentication": {
          "defaultValue": {},
          "type": "SecureObject"
        },
        "proMo_environment_id (at_proMo_environment_id)": {
          "defaultValue": "223c5dc9-484d-4615-a3f8-e2df290c9cb5",
          "type": "String",
          "metadata": {
            "schemaName": "at_proMo_environment_id"
          }
        },
        "AlertUserMail1 (at_ProMo_AlertUserMail1)": {
          "defaultValue": "FWilp@apptech.de",
          "type": "String",
          "metadata": {
            "schemaName": "at_ProMo_AlertUserMail1",
            "description": "Set the Mail address of the User, who should be alerted via Outlook"
          }
        },
        "AlertUserMail2 (at_ProMo_AlertUserMail2)": {
          "defaultValue": "testcrm@apptech.de",
          "type": "String",
          "metadata": {
            "schemaName": "at_ProMo_AlertUserMail2",
            "description": "Set the Mail address of the User, who should be alerted via Outlook"
          }
        }
      },
      "triggers": {
        "manual": {
          "metadata": {
            "operationMetadataId": "9c87af36-9cf9-453c-bd84-0a78e86ad177"
          },
          "type": "Request",
          "kind": "Button",
          "inputs": {
            "schema": {
              "type": "object",
              "properties": {
                "text": {
                  "title": "Start_Timeintervall",
                  "type": "string",
                  "x-ms-dynamically-added": true,
                  "description": "Please enter your input",
                  "x-ms-content-hint": "TEXT"
                },
                "text_1": {
                  "title": "End_Timeintervall",
                  "type": "string",
                  "x-ms-dynamically-added": true,
                  "description": "Please enter your input",
                  "x-ms-content-hint": "TEXT"
                }
              },
              "required": [
                "text",
                "text_1"
              ]
            }
          }
        }
      },
      "actions": {
        "Respond_to_a_PowerApp_or_flow": {
          "runAfter": {
            "Catch_-_Data_Collection_Exceptions": [
              "Skipped"
            ]
          },
          "metadata": {
            "operationMetadataId": "8d35a6d9-8499-4120-b6e7-a987f638d3db"
          },
          "type": "Response",
          "kind": "PowerApp",
          "inputs": {
            "statusCode": 200,
            "body": {},
            "schema": {
              "type": "object",
              "properties": {}
            }
          }
        },
        "Try_-_Dataverse_Actions": {
          "actions": {
            "List_rows": {
              "runAfter": {},
              "metadata": {
                "operationMetadataId": "e7ee3e91-7b74-4d4a-a683-356534f24a8a"
              },
              "type": "OpenApiConnection",
              "inputs": {
                "host": {
                  "connectionName": "shared_commondataserviceforapps_1",
                  "operationId": "ListRecords",
                  "apiId": "/providers/Microsoft.PowerApps/apis/shared_commondataserviceforapps"
                },
                "parameters": {
                  "entityName": "workflows",
                  "$select": "workflowidunique, name, solutionid, statecode",
                  "$filter": "category eq 5"
                },
                "authentication": {
                  "type": "Raw",
                  "value": "@json(decodeBase64(triggerOutputs().headers['X-MS-APIM-Tokens']))['$ConnectionKey']"
                }
              }
            }
          },
          "runAfter": {},
          "metadata": {
            "operationMetadataId": "506b33de-feb3-4a04-bb95-aa0a85b7db97"
          },
          "type": "Scope"
        },
        "Catch_-_Dataverse_Exceptions": {
          "actions": {
            "Send_an_email_for_Dataverse_failure": {
              "runAfter": {},
              "metadata": {
                "operationMetadataId": "d3755dfd-0e94-42ab-b21e-61e70425c2c0"
              },
              "type": "OpenApiConnection",
              "inputs": {
                "host": {
                  "connectionName": "shared_office365_2",
                  "operationId": "SendEmailV2",
                  "apiId": "/providers/Microsoft.PowerApps/apis/shared_office365"
                },
                "parameters": {
                  "emailMessage/To": "@{parameters('AlertUserMail1 (at_ProMo_AlertUserMail1)')};@{parameters('AlertUserMail2 (at_ProMo_AlertUserMail2)')}",
                  "emailMessage/Subject": "Alert: The Process Monitoring has failed!",
                  "emailMessage/Body": "<p>The Process Monitoring has failed because there was a problem in a <strong>Dataverse action </strong>in the flow \"GetAllFlowRuns\"!<br>\nPlease check your flow!</p>",
                  "emailMessage/Importance": "High"
                },
                "authentication": {
                  "type": "Raw",
                  "value": "@json(decodeBase64(triggerOutputs().headers['X-MS-APIM-Tokens']))['$ConnectionKey']"
                }
              }
            },
            "Terminate_to_Failed_-_Dataverse_failure": {
              "runAfter": {
                "Send_an_email_for_Dataverse_failure": [
                  "Succeeded"
                ]
              },
              "metadata": {
                "operationMetadataId": "0088e853-b993-4172-a3ac-683d6797823e"
              },
              "type": "Terminate",
              "inputs": {
                "runStatus": "Failed",
                "runError": {
                  "code": "Catch block got triggered - dataverse failure"
                }
              }
            }
          },
          "runAfter": {
            "Try_-_Dataverse_Actions": [
              "Failed"
            ]
          },
          "metadata": {
            "operationMetadataId": "79cdcfa0-4ace-438f-ac4e-0f300b91d1e0"
          },
          "type": "Scope"
        },
        "Try_-_Data_Collection_Actions": {
          "actions": {
            "Apply_to_each_flow": {
              "foreach": "@outputs('List_rows')?['body/value']",
              "actions": {
                "Determine_URL_for_Flow_Overview": {
                  "runAfter": {},
                  "metadata": {
                    "operationMetadataId": "b6b3b797-26e8-4858-84ce-a6db859fd34e"
                  },
                  "type": "Compose",
                  "inputs": "https://make.powerautomate.com/environments/@{parameters('proMo_environment_id (at_proMo_environment_id)')}/solutions/@{items('Apply_to_each_flow')?['solutionid']}/flows/@{items('Apply_to_each_flow')?['workflowidunique']}/details"
                },
                "Try_-_Child_Flow_Actions": {
                  "actions": {
                    "Condition": {
                      "actions": {
                        "Run_a_Child_Flow_Outlook": {
                          "runAfter": {},
                          "metadata": {
                            "operationMetadataId": "b8b5ad5e-0be1-491b-8673-d49c29581160"
                          },
                          "type": "Workflow",
                          "inputs": {
                            "host": {
                              "workflowReferenceName": "059bb2ef-aa5a-ed11-9562-000d3aba3951"
                            },
                            "body": {
                              "text": "@items('Apply_to_each_flow')?['name']",
                              "text_1": "@outputs('Determine_URL_for_Flow_Overview')",
                              "text_2": "@outputs('Form_Mail_Body')",
                              "number": "@items('Apply_to_each_flow')?['statecode']",
                              "text_3": "@items('Apply_to_each_flow')?['workflowidunique']"
                            }
                          }
                        }
                      },
                      "runAfter": {},
                      "expression": {
                        "or": [
                          {
                            "not": {
                              "equals": [
                                "@length(body('Select_HTTP_Table_Entry_-_failed_Runs'))",
                                0
                              ]
                            }
                          },
                          {
                            "equals": [
                              "@items('Apply_to_each_flow')?['statecode']",
                              0
                            ]
                          }
                        ]
                      },
                      "metadata": {
                        "operationMetadataId": "637529e4-cfd2-4a39-aa75-5157bb763830"
                      },
                      "type": "If"
                    }
                  },
                  "runAfter": {
                    "Form_Mail_Body": [
                      "Succeeded"
                    ]
                  },
                  "metadata": {
                    "operationMetadataId": "46598025-a87e-435c-b9d1-d6f1359a0c74"
                  },
                  "type": "Scope"
                },
                "Catch_-_Child_Flow_Exceptions": {
                  "actions": {
                    "Send_an_email_for_Child_Flow_failure": {
                      "runAfter": {},
                      "metadata": {
                        "operationMetadataId": "d3755dfd-0e94-42ab-b21e-61e70425c2c0"
                      },
                      "type": "OpenApiConnection",
                      "inputs": {
                        "host": {
                          "connectionName": "shared_office365_2",
                          "operationId": "SendEmailV2",
                          "apiId": "/providers/Microsoft.PowerApps/apis/shared_office365"
                        },
                        "parameters": {
                          "emailMessage/To": "@{parameters('AlertUserMail1 (at_ProMo_AlertUserMail1)')};@{parameters('AlertUserMail2 (at_ProMo_AlertUserMail2)')}",
                          "emailMessage/Subject": "Alert: The Process Monitoring has failed!",
                          "emailMessage/Body": "<p>The Process Monitoring has failed because there was a problem running a <strong>Child Flow for Alert</strong> in the flow \"GetAllFlowRuns\"!<br>\nPlease check your flow!</p>",
                          "emailMessage/Importance": "Normal"
                        },
                        "authentication": {
                          "type": "Raw",
                          "value": "@json(decodeBase64(triggerOutputs().headers['X-MS-APIM-Tokens']))['$ConnectionKey']"
                        }
                      }
                    }
                  },
                  "runAfter": {
                    "Try_-_Child_Flow_Actions": [
                      "Failed"
                    ]
                  },
                  "metadata": {
                    "operationMetadataId": "44cd7c4c-c904-4536-8cc3-2ccd048a240e"
                  },
                  "type": "Scope"
                },
                "Get_List_of_Flow_Runs_for_each_Flow": {
                  "runAfter": {
                    "Determine_URL_for_Flow_Overview": [
                      "Succeeded"
                    ]
                  },
                  "metadata": {
                    "operationMetadataId": "cfff3c6c-fac3-4338-81d2-87d1eab556a2"
                  },
                  "type": "OpenApiConnection",
                  "inputs": {
                    "host": {
                      "connectionName": "shared_at-5fat-5fflowmonitoring-5fconnector-5fcb1623058f75a2a0",
                      "operationId": "GetFlowRuns",
                      "apiId": "/providers/Microsoft.PowerApps/apis/shared_at-5fat-5fflowmonitoring-5fconnector-5fcb1623058f75a2a0"
                    },
                    "parameters": {
                      "environmentID": "@parameters('proMo_environment_id (at_proMo_environment_id)')",
                      "FlowGUID": "@items('Apply_to_each_flow')?['workflowidunique']",
                      "api-version": "2016-11-01",
                      "$filter": "startTime ge @{triggerBody()['text']} and startTime le @{triggerBody()['text_1']}"
                    },
                    "authentication": {
                      "type": "Raw",
                      "value": "@json(decodeBase64(triggerOutputs().headers['X-MS-APIM-Tokens']))['$ConnectionKey']"
                    }
                  }
                },
                "Select_all_required_values": {
                  "runAfter": {
                    "Get_List_of_Flow_Runs_for_each_Flow": [
                      "Succeeded"
                    ]
                  },
                  "metadata": {
                    "operationMetadataId": "7b5c654f-de97-47a2-b1c3-327e82047958"
                  },
                  "type": "Select",
                  "inputs": {
                    "from": "@outputs('Get_List_of_Flow_Runs_for_each_Flow')?['body']?['value']",
                    "select": {
                      "flowRun_id": "@item()?['name']",
                      "flow_id": "@items('Apply_to_each_flow')?['workflowidunique']",
                      "name": "@items('Apply_to_each_flow')?['name']",
                      "isActive": "@items('Apply_to_each_flow')?['statecode']",
                      "status": "@item()?['properties']?['status']",
                      "code": "@item()?['properties']?['code']",
                      "startTime": "@item()?['properties']?['startTime']",
                      "endTime": "@item()?['properties']?['endTime']",
                      "environment_id": "@parameters('proMo_environment_id (at_proMo_environment_id)')",
                      "flow_overview_URL": "@outputs('Determine_URL_for_Flow_Overview')",
                      "flowRun_details_URL": "https://make.powerautomate.com/environments/@{parameters('proMo_environment_id (at_proMo_environment_id)')}/solutions/@{items('Apply_to_each_flow')?['solutionid']}/flows/@{items('Apply_to_each_flow')?['workflowidunique']}/runs/@{item()?['name']}"
                    }
                  }
                },
                "Filter_array:_Failed_Runs": {
                  "runAfter": {
                    "Select_all_required_values": [
                      "Succeeded"
                    ]
                  },
                  "metadata": {
                    "operationMetadataId": "4b2189a9-ebdb-41ac-b539-88aab89a2352"
                  },
                  "type": "Query",
                  "inputs": {
                    "from": "@outputs('Get_List_of_Flow_Runs_for_each_Flow')?['body']?['value']",
                    "where": "@equals(item()?['properties']?['status'], 'Failed')"
                  }
                },
                "Select_HTTP_Table_Entry_-_failed_Runs": {
                  "runAfter": {
                    "Filter_array:_Failed_Runs": [
                      "Succeeded"
                    ]
                  },
                  "metadata": {
                    "operationMetadataId": "54459941-d8c1-497f-8b56-f85f60d96ed6"
                  },
                  "type": "Select",
                  "inputs": {
                    "from": "@body('Filter_array:_Failed_Runs')",
                    "select": "<tr><td>@{item()?['name']}</td><td>@{item()?['properties']?['status']}</td><td>@{formatDateTime(item()?['properties']?['startTime'], 'dd/MM/yy HH:mm:ss')}</td><td>@{formatDateTime(item()?['properties']?['endTime'], 'dd/MM/yy HH:mm:ss')}</td><td><a href='https://make.powerautomate.com/environments/@{parameters('proMo_environment_id (at_proMo_environment_id)')}/solutions/@{items('Apply_to_each_flow')?['solutionid']}/flows/@{items('Apply_to_each_flow')?['workflowidunique']}/runs/@{item()?['name']}'>Details...</a></td></tr>"
                  },
                  "description": "Bei FlowChecker Fehler: Map Inhalt mit \"\" einklammern"
                },
                "Join_entries_for_HTTP_Table": {
                  "runAfter": {
                    "Select_HTTP_Table_Entry_-_failed_Runs": [
                      "Succeeded"
                    ]
                  },
                  "metadata": {
                    "operationMetadataId": "83c4234b-4e17-4159-8b14-c89e248ae67a"
                  },
                  "type": "Compose",
                  "inputs": "@join(body('Select_HTTP_Table_Entry_-_failed_Runs'),' ')"
                },
                "Form_Mail_Body": {
                  "runAfter": {
                    "Join_entries_for_HTTP_Table": [
                      "Succeeded"
                    ]
                  },
                  "metadata": {
                    "operationMetadataId": "ecab5f1e-7650-4e94-869b-479138415b16"
                  },
                  "type": "Compose",
                  "inputs": "<table>\n<thead>\n<tr>\n<th>Flow Run ID</th><th>Status</th><th>Starttime</th><th>Endtime</th><th>Detail information</th>\n</tr>\n</thead>\n<tbody>@{outputs('Join_entries_for_HTTP_Table')}</tbody>\n</table>"
                }
              },
              "runAfter": {},
              "metadata": {
                "operationMetadataId": "049994c8-5580-4e4d-9a43-3e62c1f2c234"
              },
              "type": "Foreach",
              "runtimeConfiguration": {
                "concurrency": {
                  "repetitions": 3
                }
              }
            }
          },
          "runAfter": {
            "Catch_-_Dataverse_Exceptions": [
              "Skipped"
            ]
          },
          "metadata": {
            "operationMetadataId": "267c96b8-0257-4811-b854-94b6d5d2d4f9"
          },
          "type": "Scope"
        },
        "Catch_-_Data_Collection_Exceptions": {
          "actions": {
            "Send_an_email_for_Data_collection_failure": {
              "runAfter": {},
              "metadata": {
                "operationMetadataId": "4539f44e-b4f9-44b7-8c3a-d4a560ed86e6"
              },
              "type": "OpenApiConnection",
              "inputs": {
                "host": {
                  "connectionName": "shared_office365_2",
                  "operationId": "SendEmailV2",
                  "apiId": "/providers/Microsoft.PowerApps/apis/shared_office365"
                },
                "parameters": {
                  "emailMessage/To": "@{parameters('AlertUserMail1 (at_ProMo_AlertUserMail1)')};@{parameters('AlertUserMail2 (at_ProMo_AlertUserMail2)')}",
                  "emailMessage/Subject": "Alert: The Process Monitoring has failed!",
                  "emailMessage/Body": "<p>The Process Monitoring has failed because there was a problem during<strong> the collection of the flow's data </strong>in the flow \"GetAllFlowRuns\"!<br>\nPlease check your flow!</p>",
                  "emailMessage/Importance": "High"
                },
                "authentication": {
                  "type": "Raw",
                  "value": "@json(decodeBase64(triggerOutputs().headers['X-MS-APIM-Tokens']))['$ConnectionKey']"
                }
              }
            },
            "Terminate_to_failed_-_data_collection_failure": {
              "runAfter": {
                "Send_an_email_for_Data_collection_failure": [
                  "Succeeded"
                ]
              },
              "metadata": {
                "operationMetadataId": "6f55e097-12e1-47cc-aaf6-42817fc50317"
              },
              "type": "Terminate",
              "inputs": {
                "runStatus": "Failed",
                "runError": {
                  "code": "Catch block got triggered - data collection failure"
                }
              }
            }
          },
          "runAfter": {
            "Try_-_Data_Collection_Actions": [
              "Failed"
            ]
          },
          "metadata": {
            "operationMetadataId": "dc95b219-bf5c-42cc-83fc-3ea8bf4bb211"
          },
          "type": "Scope"
        }
      }
    },
    "templateName": ""
  },
  "schemaVersion": "1.0.0.0"
}