<duplicaterule uniquename="dr094e87d68f9acd317fbfc0525ba96c3b4a99f5146a09e1200a16899e1a103811">
  <baseentityname>at_promo_whitelist</baseentityname>
  <baseentitytypecode>10418</baseentitytypecode>
  <description>Detect duplicates of FlowID Values in the table Whitelist</description>
  <excludeinactiverecords>0</excludeinactiverecords>
  <iscasesensitive>0</iscasesensitive>
  <iscustomizable>1</iscustomizable>
  <matchingentityname>at_promo_whitelist</matchingentityname>
  <matchingentitytypecode>10418</matchingentitytypecode>
  <name>ProMo_Whitelist_DuplicateDetection</name>
  <duplicateruleconditions>
    <duplicaterulecondition baseattributename="at_promo_flowid" matchingattributename="at_promo_flowid" operatorcode="0" uniquerulename="dr094e87d68f9acd317fbfc0525ba96c3b4a99f5146a09e1200a16899e1a103811">
      <ignoreblankvalues>0</ignoreblankvalues>
      <iscustomizable>1</iscustomizable>
    </duplicaterulecondition>
  </duplicateruleconditions>
</duplicaterule>