<environmentvariabledefinition schemaname="at_proMo_MonitoringInterval">
  <description default="Set the interval in hours in which your flows should be monitored">
    <label description="Set the interval in hours in which your flows should be monitored" languagecode="1033" />
  </description>
  <displayname default="Monitoring Interval (in Hours)">
    <label description="Monitoring Interval (in Hours)" languagecode="1033" />
  </displayname>
  <introducedversion>1.18.2310.231747</introducedversion>
  <iscustomizable>1</iscustomizable>
  <isrequired>0</isrequired>
  <secretstore>0</secretstore>
  <type>100000001</type>
</environmentvariabledefinition>