<environmentvariabledefinition schemaname="at_ProMo_AlertUserMail3">
  <defaultvalue>FWilp@apptech.de</defaultvalue>
  <description default="Set the Mail address of the User, who should be alerted via Outlook">
    <label description="Set the Mail address of the User, who should be alerted via Outlook" languagecode="1033" />
  </description>
  <displayname default="AlertUserMail3">
    <label description="AlertUserMail3" languagecode="1033" />
  </displayname>
  <introducedversion>1.2.2210.251548</introducedversion>
  <iscustomizable>1</iscustomizable>
  <isrequired>0</isrequired>
  <secretstore>0</secretstore>
  <type>100000000</type>
</environmentvariabledefinition>