{"swagger":"2.0","info":{"title":"Default title","description":"Testing the REST API of Power Automate to manage flows","version":"1.0"},"host":"api.flow.microsoft.com","basePath":"/","schemes":["https"],"consumes":[],"produces":[],"paths":{"/providers/Microsoft.ProcessSimple/environments/{FlowEnvironment}/flows/{FlowGUID}/runs":{},"/providers/Microsoft.ProcessSimple/environments/{environmentID}/flows/{FlowGUID}/runs":{"get":{"responses":{"default":{"description":"default","schema":{}}},"summary":"Get List of Flow Runs","description":"This action gets the list auf all flow runs of a flow","operationId":"GetFlowRuns","parameters":[{"name":"environmentID","in":"path","required":true,"type":"string"},{"name":"FlowGUID","in":"path","required":true,"type":"string"},{"name":"api-version","in":"query","required":false,"type":"string"},{"name":"$filter","in":"query","required":false,"type":"string"}]}}},"definitions":{},"parameters":{},"responses":{},"securityDefinitions":{"oauth2_auth":{"type":"oauth2","flow":"accessCode","authorizationUrl":"https://login.windows.net/common/oauth2/authorize","tokenUrl":"https://login.windows.net/common/oauth2/authorize","scopes":{}}},"security":[{"oauth2_auth":[]}],"tags":[]}