{
  "properties": {
    "connectionReferences": {
      "shared_commondataserviceforapps_1": {
        "runtimeSource": "embedded",
        "connection": {
          "connectionReferenceLogicalName": "at_proMo_Dataverse"
        },
        "api": {
          "name": "shared_commondataserviceforapps"
        }
      },
      "shared_azureloganalyticsdatacollector_1": {
        "runtimeSource": "embedded",
        "connection": {
          "connectionReferenceLogicalName": "at_proMo_LogAnalytics"
        },
        "api": {
          "name": "shared_azureloganalyticsdatacollector"
        }
      },
      "shared_at-5fat-5fflowmonitoring-5fconnector-5fcb1623058f75a2a0_1": {
        "runtimeSource": "embedded",
        "connection": {
          "connectionReferenceLogicalName": "at_proMo_FlowMonitoringConnector"
        },
        "api": {
          "name": "shared_at-5fat-5fflowmonitoring-5fconnector-5fcb1623058f75a2a0",
          "logicalName": "at_5Fat-5Fflowmonitoring-5Fconnector"
        }
      }
    },
    "definition": {
      "$schema": "https://schema.management.azure.com/providers/Microsoft.Logic/schemas/2016-06-01/workflowdefinition.json#",
      "contentVersion": "1.0.0.0",
      "parameters": {
        "$connections": {
          "defaultValue": {},
          "type": "Object"
        },
        "$authentication": {
          "defaultValue": {},
          "type": "SecureObject"
        },
        "proMo_environment_id (at_proMo_environment_id)": {
          "defaultValue": "223c5dc9-484d-4615-a3f8-e2df290c9cb5",
          "type": "String",
          "metadata": {
            "schemaName": "at_proMo_environment_id"
          }
        }
      },
      "triggers": {
        "manual": {
          "metadata": {
            "operationMetadataId": "380d004c-1143-4877-9b03-4fb10fa36cd7"
          },
          "type": "Request",
          "kind": "Button",
          "inputs": {
            "schema": {
              "type": "object",
              "properties": {
                "text": {
                  "title": "TimeintervallEnd",
                  "type": "string",
                  "x-ms-dynamically-added": true,
                  "description": "Please enter your input",
                  "x-ms-content-hint": "TEXT"
                },
                "text_1": {
                  "title": "TimeintervallStart",
                  "type": "string",
                  "x-ms-dynamically-added": true,
                  "description": "Please enter your input",
                  "x-ms-content-hint": "TEXT"
                },
                "number": {
                  "title": "NumberOfAllFlows",
                  "type": "number",
                  "x-ms-dynamically-added": true,
                  "description": "250",
                  "x-ms-content-hint": "NUMBER"
                }
              },
              "required": [
                "text",
                "text_1",
                "number"
              ]
            }
          }
        }
      },
      "actions": {
        "List_rows": {
          "runAfter": {},
          "metadata": {
            "operationMetadataId": "ec2f18ed-e941-4e24-986c-cb47667bf781"
          },
          "type": "OpenApiConnection",
          "inputs": {
            "host": {
              "connectionName": "shared_commondataserviceforapps_1",
              "operationId": "ListRecords",
              "apiId": "/providers/Microsoft.PowerApps/apis/shared_commondataserviceforapps"
            },
            "parameters": {
              "entityName": "workflows",
              "$filter": "category eq 5"
            },
            "authentication": {
              "type": "Raw",
              "value": "@json(decodeBase64(triggerOutputs().headers['X-MS-APIM-Tokens']))['$ConnectionKey']"
            }
          }
        },
        "Get_total_number_of_all_workflows": {
          "runAfter": {
            "Initialize_variable_Mail_body": [
              "Succeeded"
            ]
          },
          "metadata": {
            "operationMetadataId": "63800d06-92ec-4c17-8bbc-76bb222bfede"
          },
          "type": "Compose",
          "inputs": "@length(outputs('List_rows')?['body/value'])"
        },
        "Initialize_variable_counter": {
          "runAfter": {
            "List_rows": [
              "Succeeded"
            ]
          },
          "metadata": {
            "operationMetadataId": "d92f66dd-a5dc-4de2-b06a-53da5eabaee5"
          },
          "type": "InitializeVariable",
          "inputs": {
            "variables": [
              {
                "name": "counter",
                "type": "integer",
                "value": 0
              }
            ]
          }
        },
        "Initialize_variable_index": {
          "runAfter": {
            "Initialize_variable_counter": [
              "Succeeded"
            ]
          },
          "metadata": {
            "operationMetadataId": "113eb2e4-a1bd-4a25-a1c7-6fb05199d90c"
          },
          "type": "InitializeVariable",
          "inputs": {
            "variables": [
              {
                "name": "array_index",
                "type": "integer",
                "value": 0
              }
            ]
          }
        },
        "Do_until": {
          "actions": {
            "Get_WorkflowID_(Unique)": {
              "runAfter": {},
              "metadata": {
                "operationMetadataId": "04a03a9b-380c-42ba-8a71-f1b2515225f8"
              },
              "type": "Compose",
              "inputs": "@outputs('List_rows')?['body/value'][variables('array_index')]?['workflowidunique']"
            },
            "Increment_variable": {
              "runAfter": {
                "Empty_variable_Mail_body": [
                  "Succeeded"
                ]
              },
              "metadata": {
                "operationMetadataId": "8aa22eac-6610-4a03-b358-abe2e2f1ade8"
              },
              "type": "IncrementVariable",
              "inputs": {
                "name": "counter",
                "value": 1
              }
            },
            "Increment_variable_2": {
              "runAfter": {
                "Increment_variable": [
                  "Succeeded"
                ]
              },
              "metadata": {
                "operationMetadataId": "2cc28a07-5b74-42b7-ab61-2caaf4efe5d0"
              },
              "type": "IncrementVariable",
              "inputs": {
                "name": "array_index",
                "value": 1
              }
            },
            "Apply_to_each": {
              "foreach": "@outputs('Get_List_of_Flow_Runs')?['body']?['value']",
              "actions": {
                "Determine_FlowRunURL": {
                  "runAfter": {},
                  "metadata": {
                    "operationMetadataId": "8b2f54dd-9e1c-4fbc-a61f-9187f262dbd9"
                  },
                  "type": "Compose",
                  "inputs": "https://make.powerautomate.com/environments/@{parameters('proMo_environment_id (at_proMo_environment_id)')}/solutions/@{outputs('Get_SolutionID')}/flows/@{outputs('Get_WorkflowID_(Unique)')}/runs/@{items('Apply_to_each')?['name']}"
                },
                "Check_if_Flowrun_is_in_timeintervall": {
                  "actions": {
                    "Send_Data": {
                      "runAfter": {},
                      "metadata": {
                        "operationMetadataId": "cc348a60-40f8-49e6-b05c-7445abe3ee54"
                      },
                      "type": "OpenApiConnection",
                      "inputs": {
                        "host": {
                          "connectionName": "shared_azureloganalyticsdatacollector_1",
                          "operationId": "SendData",
                          "apiId": "/providers/Microsoft.PowerApps/apis/shared_azureloganalyticsdatacollector"
                        },
                        "parameters": {
                          "body": "@outputs('Get_required_values_from_body')",
                          "Log-Type": "AllFlowRuns_CL"
                        },
                        "authentication": {
                          "type": "Raw",
                          "value": "@json(decodeBase64(triggerOutputs().headers['X-MS-APIM-Tokens']))['$ConnectionKey']"
                        }
                      }
                    },
                    "If_Flowrun_has_been_failed_or_canceled,_alert_via_alert_flow": {
                      "actions": {
                        "Append_to_string_variable_mail_body": {
                          "runAfter": {},
                          "metadata": {
                            "operationMetadataId": "ba8aad5c-10dc-48c0-ab24-9439fbd7843c"
                          },
                          "type": "AppendToStringVariable",
                          "inputs": {
                            "name": "Mail_body",
                            "value": "@concat(items('Apply_to_each')?['name'], ':',decodeUriComponent('%0A'), items('Apply_to_each')?['properties']?['status'],decodeUriComponent('%0A'),if(empty(items('Apply_to_each')?['properties']?['code']), '', items('Apply_to_each')?['properties']?['code']) ,' - ',if(empty(items('Apply_to_each')?['properties']?['error']?['message']),'', items('Apply_to_each')?['properties']?['error']?['message']),decodeUriComponent('%0A'),outputs('Determine_FlowRunURL'),decodeUriComponent('%0A'))"
                          }
                        }
                      },
                      "runAfter": {
                        "Send_Data": [
                          "Succeeded",
                          "Failed"
                        ]
                      },
                      "expression": {
                        "or": [
                          {
                            "equals": [
                              "@items('Apply_to_each')?['properties']?['status']",
                              "Failed"
                            ]
                          },
                          {
                            "equals": [
                              "@items('Apply_to_each')?['properties']?['status']",
                              "Canceled"
                            ]
                          }
                        ]
                      },
                      "metadata": {
                        "operationMetadataId": "913af110-2d04-462b-8443-39593e8f8469"
                      },
                      "type": "If"
                    }
                  },
                  "runAfter": {
                    "Get_required_values_from_body": [
                      "Succeeded"
                    ]
                  },
                  "expression": {
                    "and": [
                      {
                        "greaterOrEquals": [
                          "@items('Apply_to_each')?['properties']?['startTime']",
                          "@triggerBody()['text_1']"
                        ]
                      },
                      {
                        "lessOrEquals": [
                          "@items('Apply_to_each')?['properties']?['startTime']",
                          "@triggerBody()['text']"
                        ]
                      }
                    ]
                  },
                  "metadata": {
                    "operationMetadataId": "74b55f2a-4560-4151-8e7b-ef8c47a893f3"
                  },
                  "type": "If"
                },
                "Get_required_values_from_body": {
                  "runAfter": {
                    "Determine_FlowRunURL": [
                      "Succeeded"
                    ]
                  },
                  "metadata": {
                    "operationMetadataId": "60d482b8-8309-43e9-876f-673d4ceac309"
                  },
                  "type": "Compose",
                  "inputs": {
                    "flowRun_id": "@items('Apply_to_each')?['name']",
                    "flow_id": "@outputs('Get_WorkflowID_(Unique)')",
                    "name": "@outputs('Get_Worfklowname')",
                    "isActive": "@outputs('List_rows')?['body/value'][variables('array_index')]?['statecode']",
                    "status": "@items('Apply_to_each')?['properties']?['status']",
                    "code": "@items('Apply_to_each')?['properties']?['code']",
                    "error_message": "@items('Apply_to_each')?['properties']?['error']?['message']",
                    "startTime": "@items('Apply_to_each')?['properties']?['startTime']",
                    "endTime": "@items('Apply_to_each')?['properties']?['endTime']",
                    "environment_id": "@parameters('proMo_environment_id (at_proMo_environment_id)')",
                    "flowRun_details_URL": "@outputs('Determine_FlowRunURL')",
                    "flow_analytics_URL": "@outputs('Determine_FlowAnalytics_URL')"
                  }
                }
              },
              "runAfter": {
                "Get_List_of_Flow_Runs": [
                  "Succeeded"
                ]
              },
              "metadata": {
                "operationMetadataId": "dcb7e2a1-99ca-4bae-ba68-bc3c6e86ce4b"
              },
              "type": "Foreach"
            },
            "Get_SolutionID": {
              "runAfter": {
                "Get_WorkflowID_(Unique)": [
                  "Succeeded"
                ]
              },
              "metadata": {
                "operationMetadataId": "836e3544-a862-4d84-b6c5-f0ad919e4777"
              },
              "type": "Compose",
              "inputs": "@outputs('List_rows')?['body/value'][variables('array_index')]?['solutionid']"
            },
            "Get_Worfklowname": {
              "runAfter": {
                "Get_SolutionID": [
                  "Succeeded"
                ]
              },
              "metadata": {
                "operationMetadataId": "23697234-2f73-4caa-9155-925a1ff51d5b"
              },
              "type": "Compose",
              "inputs": "@outputs('List_rows')?['body/value'][variables('array_index')]?['name']"
            },
            "Get_List_of_Flow_Runs": {
              "runAfter": {
                "Determine_FlowAnalytics_URL": [
                  "Succeeded"
                ]
              },
              "metadata": {
                "operationMetadataId": "26403e9f-7521-4ae9-bf0b-8e32d5583a7b"
              },
              "type": "OpenApiConnection",
              "inputs": {
                "host": {
                  "connectionName": "shared_at-5fat-5fflowmonitoring-5fconnector-5fcb1623058f75a2a0_1",
                  "operationId": "GetFlowRuns",
                  "apiId": "/providers/Microsoft.PowerApps/apis/shared_at-5fat-5fflowmonitoring-5fconnector-5fcb1623058f75a2a0"
                },
                "parameters": {
                  "environmentID": "@parameters('proMo_environment_id (at_proMo_environment_id)')",
                  "FlowGUID": "@outputs('Get_WorkflowID_(Unique)')",
                  "api-version": "2016-11-01"
                },
                "authentication": {
                  "type": "Raw",
                  "value": "@json(decodeBase64(triggerOutputs().headers['X-MS-APIM-Tokens']))['$ConnectionKey']"
                }
              }
            },
            "Determine_FlowAnalytics_URL": {
              "runAfter": {
                "Get_Worfklowname": [
                  "Succeeded"
                ]
              },
              "metadata": {
                "operationMetadataId": "5d9e0151-e04f-4638-ac5f-3538980784b3"
              },
              "type": "Compose",
              "inputs": "https://make.powerautomate.com/environments/@{parameters('proMo_environment_id (at_proMo_environment_id)')}/solutions/@{outputs('Get_SolutionID')}/flows/@{outputs('Get_WorkflowID_(Unique)')}/analytics"
            },
            "Show_Mailbody": {
              "runAfter": {
                "Apply_to_each": [
                  "Succeeded"
                ]
              },
              "metadata": {
                "operationMetadataId": "2ae8a6bd-0d6a-4de0-8765-2daa1bf425cc"
              },
              "type": "Compose",
              "inputs": "@variables('Mail_body')"
            },
            "Empty_variable_Mail_body": {
              "runAfter": {
                "Show_Mailbody": [
                  "Succeeded"
                ]
              },
              "metadata": {
                "operationMetadataId": "ccfee677-49cf-45d2-9ffc-651315bbcd59"
              },
              "type": "SetVariable",
              "inputs": {
                "name": "Mail_body",
                "value": "@{null}"
              }
            }
          },
          "runAfter": {
            "Get_total_number_of_all_workflows": [
              "Succeeded"
            ]
          },
          "expression": "@equals(variables('counter'), outputs('Get_total_number_of_all_workflows'))",
          "limit": {
            "count": "@triggerBody()['number']",
            "timeout": "PT1H"
          },
          "metadata": {
            "operationMetadataId": "9de877cb-7cc4-4ce2-a964-d2672ea9fb00"
          },
          "type": "Until"
        },
        "Respond_to_a_PowerApp_or_flow": {
          "runAfter": {
            "Do_until": [
              "Succeeded"
            ]
          },
          "metadata": {
            "operationMetadataId": "d96c4f05-2427-4a6a-834a-380cf907fba6"
          },
          "type": "Response",
          "kind": "PowerApp",
          "inputs": {
            "statusCode": 200,
            "body": {},
            "schema": {
              "type": "object",
              "properties": {}
            }
          }
        },
        "Initialize_variable_Mail_body": {
          "runAfter": {
            "Initialize_variable_index": [
              "Succeeded"
            ]
          },
          "metadata": {
            "operationMetadataId": "6d28af40-f6ce-465b-b07e-574f1ac513a0"
          },
          "type": "InitializeVariable",
          "inputs": {
            "variables": [
              {
                "name": "Mail_body",
                "type": "string"
              }
            ]
          }
        }
      }
    },
    "templateName": ""
  },
  "schemaVersion": "1.0.0.0"
}