{
  "properties": {
    "connectionReferences": {},
    "definition": {
      "$schema": "https://schema.management.azure.com/providers/Microsoft.Logic/schemas/2016-06-01/workflowdefinition.json#",
      "contentVersion": "1.0.0.0",
      "parameters": {
        "$authentication": {
          "defaultValue": {},
          "type": "SecureObject"
        }
      },
      "triggers": {
        "Recurrence": {
          "recurrence": {
            "frequency": "Hour",
            "interval": 7,
            "timeZone": "W. Europe Standard Time",
            "startTime": "2022-10-25T08:00:00Z"
          },
          "metadata": {
            "operationMetadataId": "79bcb524-4f04-4568-a707-4f92ca771327"
          },
          "type": "Recurrence"
        }
      },
      "actions": {
        "Current_time_-_End": {
          "runAfter": {},
          "metadata": {
            "operationMetadataId": "2c4c0477-b6d8-40cc-b6ea-00d242b598b5"
          },
          "type": "Expression",
          "kind": "CurrentTime",
          "inputs": {}
        },
        "Get_previous_hour_-_Start": {
          "runAfter": {
            "Current_time_-_End": [
              "Succeeded"
            ]
          },
          "metadata": {
            "operationMetadataId": "b2619c39-815c-4650-a56f-87c13660bef5"
          },
          "type": "Expression",
          "kind": "SubtractFromTime",
          "inputs": {
            "baseTime": "@body('Current_time_-_End')",
            "interval": 7,
            "timeUnit": "Hour"
          }
        },
        "Run_a_Child_Flow": {
          "runAfter": {
            "Get_previous_hour_-_Start": [
              "Succeeded"
            ]
          },
          "metadata": {
            "operationMetadataId": "2ae85d24-fc19-4967-b77c-8b38a18bf070"
          },
          "type": "Workflow",
          "inputs": {
            "host": {
              "workflowReferenceName": "dd013138-805e-ed11-9561-000d3aba3951"
            },
            "body": {
              "text": "@body('Get_previous_hour_-_Start')",
              "text_1": "@body('Current_time_-_End')"
            }
          }
        }
      }
    },
    "templateName": ""
  },
  "schemaVersion": "1.0.0.0"
}