{
  "properties": {
    "connectionReferences": {
      "shared_teams": {
        "runtimeSource": "embedded",
        "connection": {
          "connectionReferenceLogicalName": "at_ProMo_TeamsConnection"
        },
        "api": {
          "name": "shared_teams"
        }
      }
    },
    "definition": {
      "$schema": "https://schema.management.azure.com/providers/Microsoft.Logic/schemas/2016-06-01/workflowdefinition.json#",
      "contentVersion": "1.0.0.0",
      "parameters": {
        "$connections": {
          "defaultValue": {},
          "type": "Object"
        },
        "$authentication": {
          "defaultValue": {},
          "type": "SecureObject"
        }
      },
      "triggers": {
        "manual": {
          "metadata": {
            "operationMetadataId": "960f964a-64b9-4748-bf8d-f710033082f8"
          },
          "type": "Request",
          "kind": "Button",
          "inputs": {
            "schema": {
              "type": "object",
              "properties": {
                "text": {
                  "title": "EnvironmentID",
                  "type": "string",
                  "x-ms-dynamically-added": true,
                  "description": "Please enter your input",
                  "x-ms-content-hint": "TEXT"
                },
                "text_1": {
                  "title": "FlowID",
                  "type": "string",
                  "x-ms-dynamically-added": true,
                  "description": "Please enter your input",
                  "x-ms-content-hint": "TEXT"
                },
                "text_2": {
                  "title": "Flowname",
                  "type": "string",
                  "x-ms-dynamically-added": true,
                  "description": "Please enter your input",
                  "x-ms-content-hint": "TEXT"
                },
                "text_4": {
                  "title": "FlowRunID",
                  "type": "string",
                  "x-ms-dynamically-added": true,
                  "description": "Please enter your input",
                  "x-ms-content-hint": "TEXT"
                },
                "text_5": {
                  "title": "Status",
                  "type": "string",
                  "x-ms-dynamically-added": true,
                  "description": "Please enter your input",
                  "x-ms-content-hint": "TEXT"
                },
                "text_6": {
                  "title": "Code",
                  "type": "string",
                  "x-ms-dynamically-added": true,
                  "description": "Please enter your input",
                  "x-ms-content-hint": "TEXT"
                },
                "text_8": {
                  "title": "Starttime",
                  "type": "string",
                  "x-ms-dynamically-added": true,
                  "description": "Please enter your input",
                  "x-ms-content-hint": "TEXT"
                },
                "text_9": {
                  "title": "Endtime",
                  "type": "string",
                  "x-ms-dynamically-added": true,
                  "description": "Please enter your input",
                  "x-ms-content-hint": "TEXT"
                },
                "text_10": {
                  "title": "FlowRunDetails_URL",
                  "type": "string",
                  "x-ms-dynamically-added": true,
                  "description": "Please enter your input",
                  "x-ms-content-hint": "TEXT"
                },
                "number": {
                  "title": "isActive",
                  "type": "number",
                  "x-ms-dynamically-added": true,
                  "description": "Please enter a number",
                  "x-ms-content-hint": "NUMBER"
                },
                "text_3": {
                  "title": "FlowOverview_URL",
                  "type": "string",
                  "x-ms-dynamically-added": true,
                  "description": "Please enter your input",
                  "x-ms-content-hint": "TEXT"
                }
              },
              "required": []
            }
          }
        }
      },
      "actions": {
        "Respond_to_a_PowerApp_or_flow": {
          "runAfter": {
            "Condition": [
              "Succeeded"
            ]
          },
          "metadata": {
            "operationMetadataId": "e4bb6423-380e-4aa9-94f9-84d90986e378"
          },
          "type": "Response",
          "kind": "PowerApp",
          "inputs": {
            "statusCode": 200,
            "body": {},
            "schema": {
              "type": "object",
              "properties": {}
            }
          }
        },
        "Condition": {
          "actions": {
            "Prepare_starttime_format": {
              "runAfter": {},
              "metadata": {
                "operationMetadataId": "d2b1fa8e-c326-485d-9ff8-94c4197e5cea"
              },
              "type": "Compose",
              "inputs": "@formatDateTime(triggerBody()?['text_8'], 'dd.MM.yyyy hh:mm:ss')"
            },
            "Prepare_endtime_format": {
              "runAfter": {
                "Prepare_starttime_format": [
                  "Succeeded"
                ]
              },
              "metadata": {
                "operationMetadataId": "65d84e27-dab8-4a7d-9aeb-ba99903cdcba"
              },
              "type": "Compose",
              "inputs": "@formatDateTime(triggerBody()?['text_9'], 'dd.MM.yyyy hh:mm:ss')"
            },
            "Post_message_in_a_chat_or_channel": {
              "runAfter": {
                "Calculate_flow_duration": [
                  "Succeeded"
                ]
              },
              "metadata": {
                "operationMetadataId": "8550a6e5-6838-4ca5-8985-9d635b91a6ed"
              },
              "type": "OpenApiConnection",
              "inputs": {
                "host": {
                  "connectionName": "shared_teams",
                  "operationId": "PostMessageToConversation",
                  "apiId": "/providers/Microsoft.PowerApps/apis/shared_teams"
                },
                "parameters": {
                  "poster": "Flow bot",
                  "location": "Channel",
                  "body/recipient/groupId": "baefa360-09bd-42ae-a91b-f1ed282b9c2f",
                  "body/recipient/channelId": "19:4395c6b3cbde454fb3e9faa95b2d4ce3@thread.tacv2",
                  "body/messageBody": "<p><u><strong>Flow Run Information</strong></u><br>\nFlowname: @{triggerBody()['text_2']},<br>\nFlowRunID: @{triggerBody()['text_4']},<br>\n@{outputs('Prepare_starttime_format')} - @{outputs('Prepare_endtime_format')}<br>\nDuration: @{outputs('Calculate_flow_duration')},<br>\nIs Active: @{triggerBody()['number']},<br>\nStatus: @{triggerBody()['text_5']},<br>\nCode: @{triggerBody()?['text_6']},<br>\n<br>\n<u><strong>Details<br>\n</strong></u>FlowId: @{triggerBody()['text_1']},<br>\nEnvironmentID: @{triggerBody()['text']}<br>\n<br>\nFlow Overview: @{triggerBody()?['text_3']}<br>\n<br>\nDetails of Flowrun: @{triggerBody()['text_10']}</p>"
                },
                "authentication": {
                  "type": "Raw",
                  "value": "@json(decodeBase64(triggerOutputs().headers['X-MS-APIM-Tokens']))['$ConnectionKey']"
                }
              }
            },
            "Calculate_flow_duration": {
              "runAfter": {
                "Prepare_endtime_format": [
                  "Succeeded"
                ]
              },
              "metadata": {
                "operationMetadataId": "d07c5848-6f47-4200-8914-f9776d560e54"
              },
              "type": "Compose",
              "inputs": "@dateDifference(triggerBody()?['text_8'], triggerBody()?['text_9'])"
            }
          },
          "runAfter": {},
          "expression": {
            "or": [
              {
                "equals": [
                  "@triggerBody()?['text_5']",
                  "Failed"
                ]
              },
              {
                "equals": [
                  "@triggerBody()?['text_5']",
                  "Canceled"
                ]
              }
            ]
          },
          "metadata": {
            "operationMetadataId": "15866b79-8f5a-48d7-b813-17abb0a509a0"
          },
          "type": "If"
        }
      }
    },
    "templateName": ""
  },
  "schemaVersion": "1.0.0.0"
}