{
  "properties": {
    "connectionReferences": {
      "shared_office365_1": {
        "runtimeSource": "embedded",
        "connection": {
          "connectionReferenceLogicalName": "at_ProMo_OutlookConnection"
        },
        "api": {
          "name": "shared_office365"
        }
      },
      "shared_commondataserviceforapps_1": {
        "runtimeSource": "embedded",
        "connection": {
          "connectionReferenceLogicalName": "at_proMo_Dataverse"
        },
        "api": {
          "name": "shared_commondataserviceforapps"
        }
      }
    },
    "definition": {
      "$schema": "https://schema.management.azure.com/providers/Microsoft.Logic/schemas/2016-06-01/workflowdefinition.json#",
      "contentVersion": "1.0.0.0",
      "parameters": {
        "$connections": {
          "defaultValue": {},
          "type": "Object"
        },
        "$authentication": {
          "defaultValue": {},
          "type": "SecureObject"
        },
        "AlertUserMail1 (at_ProMo_AlertUserMail1)": {
          "defaultValue": "FWilp@apptech.de",
          "type": "String",
          "metadata": {
            "schemaName": "at_ProMo_AlertUserMail1",
            "description": "Set the Mail address of the User, who should be alerted via Outlook"
          }
        },
        "AlertUserMail2 (at_ProMo_AlertUserMail2)": {
          "defaultValue": "FWilp@apptech.de",
          "type": "String",
          "metadata": {
            "schemaName": "at_ProMo_AlertUserMail2",
            "description": "Set the Mail address of the User, who should be alerted via Outlook"
          }
        },
        "AlertUserMail3 (at_ProMo_AlertUserMail3)": {
          "defaultValue": "FWilp@apptech.de",
          "type": "String",
          "metadata": {
            "schemaName": "at_ProMo_AlertUserMail3",
            "description": "Set the Mail address of the User, who should be alerted via Outlook"
          }
        }
      },
      "triggers": {
        "manual": {
          "metadata": {
            "operationMetadataId": "c30fa345-836a-4c27-97ad-758834f80f5e"
          },
          "type": "Request",
          "kind": "Button",
          "inputs": {
            "schema": {
              "type": "object",
              "properties": {
                "text": {
                  "title": "Flowname",
                  "type": "string",
                  "x-ms-dynamically-added": true,
                  "description": "Please enter your input",
                  "x-ms-content-hint": "TEXT"
                },
                "text_1": {
                  "title": "Flow Overview URL",
                  "type": "string",
                  "x-ms-dynamically-added": true,
                  "description": "Please enter your input",
                  "x-ms-content-hint": "TEXT"
                },
                "text_2": {
                  "title": "Mail body",
                  "type": "string",
                  "x-ms-dynamically-added": true,
                  "description": "Please enter your input",
                  "x-ms-content-hint": "TEXT"
                },
                "number": {
                  "title": "is Active",
                  "type": "number",
                  "x-ms-dynamically-added": true,
                  "description": "Please enter a number",
                  "x-ms-content-hint": "NUMBER"
                },
                "text_3": {
                  "title": "Flow ID",
                  "type": "string",
                  "x-ms-dynamically-added": true,
                  "description": "Please enter your input",
                  "x-ms-content-hint": "TEXT"
                },
                "text_4": {
                  "title": "CheckFailure",
                  "type": "string",
                  "x-ms-dynamically-added": true,
                  "description": "Please enter your input",
                  "x-ms-content-hint": "TEXT"
                }
              },
              "required": [
                "text",
                "text_1",
                "text_2",
                "number",
                "text_3"
              ]
            }
          }
        }
      },
      "actions": {
        "Check_if_Flow_is_on": {
          "actions": {
            "Send_an_email_if_flow_run_has_been_failed": {
              "runAfter": {},
              "metadata": {
                "operationMetadataId": "04d5cd40-e7a9-4f1a-8bfe-4c854d1dcb9c"
              },
              "type": "OpenApiConnection",
              "inputs": {
                "host": {
                  "connectionName": "shared_office365_1",
                  "operationId": "SendEmailV2",
                  "apiId": "/providers/Microsoft.PowerApps/apis/shared_office365"
                },
                "parameters": {
                  "emailMessage/To": "@{parameters('AlertUserMail1 (at_ProMo_AlertUserMail1)')};@{parameters('AlertUserMail2 (at_ProMo_AlertUserMail2)')};@{parameters('AlertUserMail3 (at_ProMo_AlertUserMail3)')}",
                  "emailMessage/Subject": "Alert: Flow @{triggerBody()['text']} has been failed",
                  "emailMessage/Body": "<p><strong>Flow: </strong><strong>@{triggerBody()['text']}</strong><strong><br>\n</strong><a href=\"@{triggerBody()['text_1']}\">Overview</a><br>\n<u><br>\n</u><u>@{triggerBody()['text_2']}</u><u></u><br>\n<br>\n</p>",
                  "emailMessage/Importance": "High"
                },
                "authentication": {
                  "type": "Raw",
                  "value": "@json(decodeBase64(triggerOutputs().headers['X-MS-APIM-Tokens']))['$ConnectionKey']"
                }
              }
            }
          },
          "runAfter": {
            "List_rows": [
              "Succeeded"
            ]
          },
          "else": {
            "actions": {
              "Check_if_Flow_is_in_Whitelist": {
                "actions": {
                  "Send_an_email_if_flow_is_offline": {
                    "runAfter": {},
                    "metadata": {
                      "operationMetadataId": "a735fe3c-cfdb-4769-ba98-dc1b3db2d1b8"
                    },
                    "type": "OpenApiConnection",
                    "inputs": {
                      "host": {
                        "connectionName": "shared_office365_1",
                        "operationId": "SendEmailV2",
                        "apiId": "/providers/Microsoft.PowerApps/apis/shared_office365"
                      },
                      "parameters": {
                        "emailMessage/To": "@{parameters('AlertUserMail1 (at_ProMo_AlertUserMail1)')};@{parameters('AlertUserMail2 (at_ProMo_AlertUserMail2)')};@{parameters('AlertUserMail3 (at_ProMo_AlertUserMail3)')}",
                        "emailMessage/Subject": "Alert: Flow '@{triggerBody()['text']}' is offline",
                        "emailMessage/Body": "<p>The Flow \"@{triggerBody()['text']}\" is offline!<br>\nFlow ID: @{triggerBody()['text_3']}<br>\n<br>\nIf you want to turn the Flow on, click <a href=\"@{triggerBody()['text_1']}\">here.</a>&nbsp;</p>",
                        "emailMessage/Importance": "Normal"
                      },
                      "authentication": {
                        "type": "Raw",
                        "value": "@json(decodeBase64(triggerOutputs().headers['X-MS-APIM-Tokens']))['$ConnectionKey']"
                      }
                    }
                  }
                },
                "runAfter": {},
                "expression": {
                  "equals": [
                    "@length(outputs('List_rows')?['body/value'])",
                    0
                  ]
                },
                "metadata": {
                  "operationMetadataId": "0c3b565e-34ef-41bb-b271-6d9ba83025e6"
                },
                "type": "If"
              }
            }
          },
          "expression": {
            "equals": [
              "@triggerBody()['number']",
              1
            ]
          },
          "metadata": {
            "operationMetadataId": "63da5ed2-64cb-4688-93f1-5080357a5e5d"
          },
          "type": "If"
        },
        "Respond_to_a_PowerApp_or_flow": {
          "runAfter": {
            "Check_if_Flow_is_on": [
              "Succeeded"
            ]
          },
          "metadata": {
            "operationMetadataId": "ae784649-cc96-402b-acab-bfb2d03b5787"
          },
          "type": "Response",
          "kind": "PowerApp",
          "inputs": {
            "statusCode": 200,
            "body": {},
            "schema": {
              "type": "object",
              "properties": {}
            }
          }
        },
        "List_rows": {
          "runAfter": {},
          "metadata": {
            "operationMetadataId": "01d33439-8487-41be-8840-d16445198330"
          },
          "type": "OpenApiConnection",
          "inputs": {
            "host": {
              "connectionName": "shared_commondataserviceforapps_1",
              "operationId": "ListRecords",
              "apiId": "/providers/Microsoft.PowerApps/apis/shared_commondataserviceforapps"
            },
            "parameters": {
              "entityName": "at_promo_whitelists",
              "$filter": "at_promo_flowid eq @{triggerBody()['text_3']}"
            },
            "authentication": {
              "type": "Raw",
              "value": "@json(decodeBase64(triggerOutputs().headers['X-MS-APIM-Tokens']))['$ConnectionKey']"
            }
          }
        }
      }
    },
    "templateName": ""
  },
  "schemaVersion": "1.0.0.0"
}